-- phpMyAdmin SQL Dump
-- version 3.5.5
-- http://www.phpmyadmin.net
--
-- Host: localhost
-- Generation Time: Mar 24, 2017 at 08:12 AM
-- Server version: 5.5.29-log
-- PHP Version: 5.3.20

SET SQL_MODE="NO_AUTO_VALUE_ON_ZERO";
SET time_zone = "+00:00";


/*!40101 SET @OLD_CHARACTER_SET_CLIENT=@@CHARACTER_SET_CLIENT */;
/*!40101 SET @OLD_CHARACTER_SET_RESULTS=@@CHARACTER_SET_RESULTS */;
/*!40101 SET @OLD_COLLATION_CONNECTION=@@COLLATION_CONNECTION */;
/*!40101 SET NAMES utf8 */;

--
-- Database: `dbcl_dethi`
--

-- --------------------------------------------------------

--
-- Table structure for table `ci_sessions`
--

CREATE TABLE IF NOT EXISTS `ci_sessions` (
  `id` varchar(40) COLLATE utf8_unicode_ci NOT NULL,
  `ip_address` varchar(45) COLLATE utf8_unicode_ci NOT NULL,
  `timestamp` int(10) unsigned NOT NULL DEFAULT '0',
  `data` blob NOT NULL,
  KEY `ci_sessions_timestamp` (`timestamp`)
) ENGINE=InnoDB DEFAULT CHARSET=utf8 COLLATE=utf8_unicode_ci;

--
-- Dumping data for table `ci_sessions`
--

INSERT INTO `ci_sessions` (`id`, `ip_address`, `timestamp`, `data`) VALUES
('7804d3becf7e4a997e866f6ebf9e86a9d63bc364', '113.190.40.190', 1484115276, 0x5f5f63695f6c6173745f726567656e65726174657c693a313438343131343937393b64657468697c613a31313a7b733a383a22504b5f734d614342223b733a353a2243425f3031223b733a363a227354656e4342223b733a31383a225068c3b26e67206b68e1baa36f207468c3ad223b733a393a22734e67617953696e68223b733a31303a2264642f6d6d2f79797979223b733a393a227347696f6954696e68223b733a333a224e616d223b733a373a2273446961436869223b733a393a2248c3a0204ee1bb9969223b733a363a2273456d61696c223b733a32323a2270686f6e676b68616f74686940676d61696c2e636f6d223b733a343a2273534454223b733a31313a223031323334353637383939223b733a393a22735461694b686f616e223b733a353a2261646d696e223b733a383a22734d61744b686175223b733a34303a2237313130656461346430396530363261613565346133393062306135373261633064326330323230223b733a31313a22464b5f694d61517579656e223b733a313a2231223b733a393a227354656e517579656e223b733a31363a225472c6b0e1bb9f6e67207068c3b26e67223b7d6e6f74696669636174696f6e7c613a333a7b733a343a2274797065223b733a373a2273756363657373223b733a353a227469746c65223b733a303a22223b733a373a226d657373616765223b733a32343a225468c3aa6d206dc3b46e207468c3a06e682063c3b46e6721223b7d5f5f63695f766172737c613a313a7b733a31323a226e6f74696669636174696f6e223b733a333a226f6c64223b7d),
('cd9d21bb1522cc0f83948c02896be85da456c29e', '113.190.40.190', 1484115576, 0x5f5f63695f6c6173745f726567656e65726174657c693a313438343131353238323b64657468697c613a31313a7b733a383a22504b5f734d614342223b733a353a2243425f3031223b733a363a227354656e4342223b733a31383a225068c3b26e67206b68e1baa36f207468c3ad223b733a393a22734e67617953696e68223b733a31303a2264642f6d6d2f79797979223b733a393a227347696f6954696e68223b733a333a224e616d223b733a373a2273446961436869223b733a393a2248c3a0204ee1bb9969223b733a363a2273456d61696c223b733a32323a2270686f6e676b68616f74686940676d61696c2e636f6d223b733a343a2273534454223b733a31313a223031323334353637383939223b733a393a22735461694b686f616e223b733a353a2261646d696e223b733a383a22734d61744b686175223b733a34303a2237313130656461346430396530363261613565346133393062306135373261633064326330323230223b733a31313a22464b5f694d61517579656e223b733a313a2231223b733a393a227354656e517579656e223b733a31363a225472c6b0e1bb9f6e67207068c3b26e67223b7d6e6f74696669636174696f6e7c613a333a7b733a343a2274797065223b733a373a2273756363657373223b733a353a227469746c65223b733a303a22223b733a373a226d657373616765223b733a32343a225468c3aa6d206dc3b46e207468c3a06e682063c3b46e6721223b7d5f5f63695f766172737c613a313a7b733a31323a226e6f74696669636174696f6e223b733a333a226f6c64223b7d),
('5c99374da027cd5c7cbaa505318ab82ef65f6ada', '113.190.40.190', 1484115876, 0x5f5f63695f6c6173745f726567656e65726174657c693a313438343131353538333b64657468697c613a31313a7b733a383a22504b5f734d614342223b733a353a2243425f3031223b733a363a227354656e4342223b733a31383a225068c3b26e67206b68e1baa36f207468c3ad223b733a393a22734e67617953696e68223b733a31303a2264642f6d6d2f79797979223b733a393a227347696f6954696e68223b733a333a224e616d223b733a373a2273446961436869223b733a393a2248c3a0204ee1bb9969223b733a363a2273456d61696c223b733a32323a2270686f6e676b68616f74686940676d61696c2e636f6d223b733a343a2273534454223b733a31313a223031323334353637383939223b733a393a22735461694b686f616e223b733a353a2261646d696e223b733a383a22734d61744b686175223b733a34303a2237313130656461346430396530363261613565346133393062306135373261633064326330323230223b733a31313a22464b5f694d61517579656e223b733a313a2231223b733a393a227354656e517579656e223b733a31363a225472c6b0e1bb9f6e67207068c3b26e67223b7d6e6f74696669636174696f6e7c613a333a7b733a343a2274797065223b733a373a2273756363657373223b733a353a227469746c65223b733a303a22223b733a373a226d657373616765223b733a32343a225468c3aa6d206dc3b46e207468c3a06e682063c3b46e6721223b7d5f5f63695f766172737c613a313a7b733a31323a226e6f74696669636174696f6e223b733a333a226f6c64223b7d),
('54c245a66e0be3b7286b9895751dd4c4df626369', '113.190.40.190', 1484116249, 0x5f5f63695f6c6173745f726567656e65726174657c693a313438343131353935363b64657468697c613a31313a7b733a383a22504b5f734d614342223b733a353a2243425f3031223b733a363a227354656e4342223b733a31383a225068c3b26e67206b68e1baa36f207468c3ad223b733a393a22734e67617953696e68223b733a31303a2264642f6d6d2f79797979223b733a393a227347696f6954696e68223b733a333a224e616d223b733a373a2273446961436869223b733a393a2248c3a0204ee1bb9969223b733a363a2273456d61696c223b733a32323a2270686f6e676b68616f74686940676d61696c2e636f6d223b733a343a2273534454223b733a31313a223031323334353637383939223b733a393a22735461694b686f616e223b733a353a2261646d696e223b733a383a22734d61744b686175223b733a34303a2237313130656461346430396530363261613565346133393062306135373261633064326330323230223b733a31313a22464b5f694d61517579656e223b733a313a2231223b733a393a227354656e517579656e223b733a31363a225472c6b0e1bb9f6e67207068c3b26e67223b7d6e6f74696669636174696f6e7c613a333a7b733a343a2274797065223b733a373a2273756363657373223b733a353a227469746c65223b733a303a22223b733a373a226d657373616765223b733a32343a225468c3aa6d206dc3b46e207468c3a06e682063c3b46e6721223b7d5f5f63695f766172737c613a313a7b733a31323a226e6f74696669636174696f6e223b733a333a226f6c64223b7d),
('cd25e3f8d5c67a7242b0a5fa0f2e6eb419a29d93', '113.190.40.190', 1484116552, 0x5f5f63695f6c6173745f726567656e65726174657c693a313438343131363235383b64657468697c613a31313a7b733a383a22504b5f734d614342223b733a353a2243425f3031223b733a363a227354656e4342223b733a31383a225068c3b26e67206b68e1baa36f207468c3ad223b733a393a22734e67617953696e68223b733a31303a2264642f6d6d2f79797979223b733a393a227347696f6954696e68223b733a333a224e616d223b733a373a2273446961436869223b733a393a2248c3a0204ee1bb9969223b733a363a2273456d61696c223b733a32323a2270686f6e676b68616f74686940676d61696c2e636f6d223b733a343a2273534454223b733a31313a223031323334353637383939223b733a393a22735461694b686f616e223b733a353a2261646d696e223b733a383a22734d61744b686175223b733a34303a2237313130656461346430396530363261613565346133393062306135373261633064326330323230223b733a31313a22464b5f694d61517579656e223b733a313a2231223b733a393a227354656e517579656e223b733a31363a225472c6b0e1bb9f6e67207068c3b26e67223b7d6e6f74696669636174696f6e7c613a333a7b733a343a2274797065223b733a373a2273756363657373223b733a353a227469746c65223b733a303a22223b733a373a226d657373616765223b733a32343a225468c3aa6d206dc3b46e207468c3a06e682063c3b46e6721223b7d5f5f63695f766172737c613a313a7b733a31323a226e6f74696669636174696f6e223b733a333a226f6c64223b7d),
('fc8d0ae0a4048e42095eaeb6aba02f75cf4ac10e', '113.190.40.190', 1484116826, 0x5f5f63695f6c6173745f726567656e65726174657c693a313438343131363535393b64657468697c613a31313a7b733a383a22504b5f734d614342223b733a353a2243425f3031223b733a363a227354656e4342223b733a31383a225068c3b26e67206b68e1baa36f207468c3ad223b733a393a22734e67617953696e68223b733a31303a2264642f6d6d2f79797979223b733a393a227347696f6954696e68223b733a333a224e616d223b733a373a2273446961436869223b733a393a2248c3a0204ee1bb9969223b733a363a2273456d61696c223b733a32323a2270686f6e676b68616f74686940676d61696c2e636f6d223b733a343a2273534454223b733a31313a223031323334353637383939223b733a393a22735461694b686f616e223b733a353a2261646d696e223b733a383a22734d61744b686175223b733a34303a2237313130656461346430396530363261613565346133393062306135373261633064326330323230223b733a31313a22464b5f694d61517579656e223b733a313a2231223b733a393a227354656e517579656e223b733a31363a225472c6b0e1bb9f6e67207068c3b26e67223b7d6e6f74696669636174696f6e7c613a333a7b733a343a2274797065223b733a373a2273756363657373223b733a353a227469746c65223b733a303a22223b733a373a226d657373616765223b733a32343a225468c3aa6d206dc3b46e207468c3a06e682063c3b46e6721223b7d5f5f63695f766172737c613a313a7b733a31323a226e6f74696669636174696f6e223b733a333a226f6c64223b7d),
('70a0fe9efe763981b8ee24436701e2d6ccf17e87', '113.190.40.190', 1484117193, 0x5f5f63695f6c6173745f726567656e65726174657c693a313438343131363930323b64657468697c613a31313a7b733a383a22504b5f734d614342223b733a353a2243425f3031223b733a363a227354656e4342223b733a31383a225068c3b26e67206b68e1baa36f207468c3ad223b733a393a22734e67617953696e68223b733a31303a2264642f6d6d2f79797979223b733a393a227347696f6954696e68223b733a333a224e616d223b733a373a2273446961436869223b733a393a2248c3a0204ee1bb9969223b733a363a2273456d61696c223b733a32323a2270686f6e676b68616f74686940676d61696c2e636f6d223b733a343a2273534454223b733a31313a223031323334353637383939223b733a393a22735461694b686f616e223b733a353a2261646d696e223b733a383a22734d61744b686175223b733a34303a2237313130656461346430396530363261613565346133393062306135373261633064326330323230223b733a31313a22464b5f694d61517579656e223b733a313a2231223b733a393a227354656e517579656e223b733a31363a225472c6b0e1bb9f6e67207068c3b26e67223b7d6e6f74696669636174696f6e7c613a333a7b733a343a2274797065223b733a373a2273756363657373223b733a353a227469746c65223b733a303a22223b733a373a226d657373616765223b733a32343a225468c3aa6d206dc3b46e207468c3a06e682063c3b46e6721223b7d5f5f63695f766172737c613a313a7b733a31323a226e6f74696669636174696f6e223b733a333a226f6c64223b7d),
('9ff3e194455a682ee9004610c99a42af9572e654', '113.190.40.190', 1484117501, 0x5f5f63695f6c6173745f726567656e65726174657c693a313438343131373230333b64657468697c613a31313a7b733a383a22504b5f734d614342223b733a353a2243425f3031223b733a363a227354656e4342223b733a31383a225068c3b26e67206b68e1baa36f207468c3ad223b733a393a22734e67617953696e68223b733a31303a2264642f6d6d2f79797979223b733a393a227347696f6954696e68223b733a333a224e616d223b733a373a2273446961436869223b733a393a2248c3a0204ee1bb9969223b733a363a2273456d61696c223b733a32323a2270686f6e676b68616f74686940676d61696c2e636f6d223b733a343a2273534454223b733a31313a223031323334353637383939223b733a393a22735461694b686f616e223b733a353a2261646d696e223b733a383a22734d61744b686175223b733a34303a2237313130656461346430396530363261613565346133393062306135373261633064326330323230223b733a31313a22464b5f694d61517579656e223b733a313a2231223b733a393a227354656e517579656e223b733a31363a225472c6b0e1bb9f6e67207068c3b26e67223b7d6e6f74696669636174696f6e7c613a333a7b733a343a2274797065223b733a373a2273756363657373223b733a353a227469746c65223b733a303a22223b733a373a226d657373616765223b733a32343a225468c3aa6d206dc3b46e207468c3a06e682063c3b46e6721223b7d5f5f63695f766172737c613a313a7b733a31323a226e6f74696669636174696f6e223b733a333a226f6c64223b7d),
('e52f2142b151d676a97e120862f9daa5a5516429', '113.190.40.190', 1484117836, 0x5f5f63695f6c6173745f726567656e65726174657c693a313438343131373533363b64657468697c613a31313a7b733a383a22504b5f734d614342223b733a353a2243425f3031223b733a363a227354656e4342223b733a31383a225068c3b26e67206b68e1baa36f207468c3ad223b733a393a22734e67617953696e68223b733a31303a2264642f6d6d2f79797979223b733a393a227347696f6954696e68223b733a333a224e616d223b733a373a2273446961436869223b733a393a2248c3a0204ee1bb9969223b733a363a2273456d61696c223b733a32323a2270686f6e676b68616f74686940676d61696c2e636f6d223b733a343a2273534454223b733a31313a223031323334353637383939223b733a393a22735461694b686f616e223b733a353a2261646d696e223b733a383a22734d61744b686175223b733a34303a2237313130656461346430396530363261613565346133393062306135373261633064326330323230223b733a31313a22464b5f694d61517579656e223b733a313a2231223b733a393a227354656e517579656e223b733a31363a225472c6b0e1bb9f6e67207068c3b26e67223b7d6e6f74696669636174696f6e7c613a333a7b733a343a2274797065223b733a373a2273756363657373223b733a353a227469746c65223b733a303a22223b733a373a226d657373616765223b733a32343a225468c3aa6d206dc3b46e207468c3a06e682063c3b46e6721223b7d5f5f63695f766172737c613a313a7b733a31323a226e6f74696669636174696f6e223b733a333a226e6577223b7d),
('751be466c21bfb9508652b20cddf47f37a7f2859', '113.190.40.190', 1484118127, 0x5f5f63695f6c6173745f726567656e65726174657c693a313438343131373833373b64657468697c613a31313a7b733a383a22504b5f734d614342223b733a353a2243425f3031223b733a363a227354656e4342223b733a31383a225068c3b26e67206b68e1baa36f207468c3ad223b733a393a22734e67617953696e68223b733a31303a2264642f6d6d2f79797979223b733a393a227347696f6954696e68223b733a333a224e616d223b733a373a2273446961436869223b733a393a2248c3a0204ee1bb9969223b733a363a2273456d61696c223b733a32323a2270686f6e676b68616f74686940676d61696c2e636f6d223b733a343a2273534454223b733a31313a223031323334353637383939223b733a393a22735461694b686f616e223b733a353a2261646d696e223b733a383a22734d61744b686175223b733a34303a2237313130656461346430396530363261613565346133393062306135373261633064326330323230223b733a31313a22464b5f694d61517579656e223b733a313a2231223b733a393a227354656e517579656e223b733a31363a225472c6b0e1bb9f6e67207068c3b26e67223b7d6e6f74696669636174696f6e7c613a333a7b733a343a2274797065223b733a373a2273756363657373223b733a353a227469746c65223b733a303a22223b733a373a226d657373616765223b733a32343a225468c3aa6d206dc3b46e207468c3a06e682063c3b46e6721223b7d5f5f63695f766172737c613a313a7b733a31323a226e6f74696669636174696f6e223b733a333a226f6c64223b7d),
('891c86759a31c41ef1e261dd46f1d677be16f3be', '113.190.40.190', 1484118441, 0x5f5f63695f6c6173745f726567656e65726174657c693a313438343131383134313b64657468697c613a31313a7b733a383a22504b5f734d614342223b733a353a2243425f3031223b733a363a227354656e4342223b733a31383a225068c3b26e67206b68e1baa36f207468c3ad223b733a393a22734e67617953696e68223b733a31303a2264642f6d6d2f79797979223b733a393a227347696f6954696e68223b733a333a224e616d223b733a373a2273446961436869223b733a393a2248c3a0204ee1bb9969223b733a363a2273456d61696c223b733a32323a2270686f6e676b68616f74686940676d61696c2e636f6d223b733a343a2273534454223b733a31313a223031323334353637383939223b733a393a22735461694b686f616e223b733a353a2261646d696e223b733a383a22734d61744b686175223b733a34303a2237313130656461346430396530363261613565346133393062306135373261633064326330323230223b733a31313a22464b5f694d61517579656e223b733a313a2231223b733a393a227354656e517579656e223b733a31363a225472c6b0e1bb9f6e67207068c3b26e67223b7d6e6f74696669636174696f6e7c613a333a7b733a343a2274797065223b733a373a2273756363657373223b733a353a227469746c65223b733a303a22223b733a373a226d657373616765223b733a32343a225468c3aa6d206dc3b46e207468c3a06e682063c3b46e6721223b7d5f5f63695f766172737c613a313a7b733a31323a226e6f74696669636174696f6e223b733a333a226e6577223b7d),
('80bca8eafb50e5e4287cf3846f3ac68a7c3b4ec9', '113.190.40.190', 1484118616, 0x5f5f63695f6c6173745f726567656e65726174657c693a313438343131383434323b64657468697c613a31313a7b733a383a22504b5f734d614342223b733a353a2243425f3031223b733a363a227354656e4342223b733a31383a225068c3b26e67206b68e1baa36f207468c3ad223b733a393a22734e67617953696e68223b733a31303a2264642f6d6d2f79797979223b733a393a227347696f6954696e68223b733a333a224e616d223b733a373a2273446961436869223b733a393a2248c3a0204ee1bb9969223b733a363a2273456d61696c223b733a32323a2270686f6e676b68616f74686940676d61696c2e636f6d223b733a343a2273534454223b733a31313a223031323334353637383939223b733a393a22735461694b686f616e223b733a353a2261646d696e223b733a383a22734d61744b686175223b733a34303a2237313130656461346430396530363261613565346133393062306135373261633064326330323230223b733a31313a22464b5f694d61517579656e223b733a313a2231223b733a393a227354656e517579656e223b733a31363a225472c6b0e1bb9f6e67207068c3b26e67223b7d6e6f74696669636174696f6e7c613a333a7b733a343a2274797065223b733a373a2273756363657373223b733a353a227469746c65223b733a303a22223b733a373a226d657373616765223b733a32343a225468c3aa6d206dc3b46e207468c3a06e682063c3b46e6721223b7d5f5f63695f766172737c613a313a7b733a31323a226e6f74696669636174696f6e223b733a333a226f6c64223b7d),
('19c9db75d8e764f892bca21181c9d420a06d0fcd', '113.190.40.190', 1484119278, 0x5f5f63695f6c6173745f726567656e65726174657c693a313438343131383939353b64657468697c613a31313a7b733a383a22504b5f734d614342223b733a353a2243425f3031223b733a363a227354656e4342223b733a31383a225068c3b26e67206b68e1baa36f207468c3ad223b733a393a22734e67617953696e68223b733a31303a2264642f6d6d2f79797979223b733a393a227347696f6954696e68223b733a333a224e616d223b733a373a2273446961436869223b733a393a2248c3a0204ee1bb9969223b733a363a2273456d61696c223b733a32323a2270686f6e676b68616f74686940676d61696c2e636f6d223b733a343a2273534454223b733a31313a223031323334353637383939223b733a393a22735461694b686f616e223b733a353a2261646d696e223b733a383a22734d61744b686175223b733a34303a2237313130656461346430396530363261613565346133393062306135373261633064326330323230223b733a31313a22464b5f694d61517579656e223b733a313a2231223b733a393a227354656e517579656e223b733a31363a225472c6b0e1bb9f6e67207068c3b26e67223b7d6e6f74696669636174696f6e7c613a333a7b733a343a2274797065223b733a373a2273756363657373223b733a353a227469746c65223b733a303a22223b733a373a226d657373616765223b733a32343a225468c3aa6d206dc3b46e207468c3a06e682063c3b46e6721223b7d5f5f63695f766172737c613a313a7b733a31323a226e6f74696669636174696f6e223b733a333a226f6c64223b7d),
('5877121b1967211204a0c35bc774972ec4cd0bbb', '113.190.40.190', 1484119481, 0x5f5f63695f6c6173745f726567656e65726174657c693a313438343131393336373b64657468697c613a31313a7b733a383a22504b5f734d614342223b733a353a2243425f3031223b733a363a227354656e4342223b733a31383a225068c3b26e67206b68e1baa36f207468c3ad223b733a393a22734e67617953696e68223b733a31303a2264642f6d6d2f79797979223b733a393a227347696f6954696e68223b733a333a224e616d223b733a373a2273446961436869223b733a393a2248c3a0204ee1bb9969223b733a363a2273456d61696c223b733a32323a2270686f6e676b68616f74686940676d61696c2e636f6d223b733a343a2273534454223b733a31313a223031323334353637383939223b733a393a22735461694b686f616e223b733a353a2261646d696e223b733a383a22734d61744b686175223b733a34303a2237313130656461346430396530363261613565346133393062306135373261633064326330323230223b733a31313a22464b5f694d61517579656e223b733a313a2231223b733a393a227354656e517579656e223b733a31363a225472c6b0e1bb9f6e67207068c3b26e67223b7d6e6f74696669636174696f6e7c613a333a7b733a343a2274797065223b733a373a2273756363657373223b733a353a227469746c65223b733a303a22223b733a373a226d657373616765223b733a32343a225468c3aa6d206dc3b46e207468c3a06e682063c3b46e6721223b7d5f5f63695f766172737c613a313a7b733a31323a226e6f74696669636174696f6e223b733a333a226f6c64223b7d),
('1f1dcec76231582a0bda06d0ddec0ade329a2cee', '113.190.40.190', 1484119945, 0x5f5f63695f6c6173745f726567656e65726174657c693a313438343131393636393b64657468697c613a31313a7b733a383a22504b5f734d614342223b733a353a2243425f3031223b733a363a227354656e4342223b733a31383a225068c3b26e67206b68e1baa36f207468c3ad223b733a393a22734e67617953696e68223b733a31303a2264642f6d6d2f79797979223b733a393a227347696f6954696e68223b733a333a224e616d223b733a373a2273446961436869223b733a393a2248c3a0204ee1bb9969223b733a363a2273456d61696c223b733a32323a2270686f6e676b68616f74686940676d61696c2e636f6d223b733a343a2273534454223b733a31313a223031323334353637383939223b733a393a22735461694b686f616e223b733a353a2261646d696e223b733a383a22734d61744b686175223b733a34303a2237313130656461346430396530363261613565346133393062306135373261633064326330323230223b733a31313a22464b5f694d61517579656e223b733a313a2231223b733a393a227354656e517579656e223b733a31363a225472c6b0e1bb9f6e67207068c3b26e67223b7d6e6f74696669636174696f6e7c613a333a7b733a343a2274797065223b733a373a2273756363657373223b733a353a227469746c65223b733a303a22223b733a373a226d657373616765223b733a32343a225468c3aa6d206dc3b46e207468c3a06e682063c3b46e6721223b7d5f5f63695f766172737c613a313a7b733a31323a226e6f74696669636174696f6e223b733a333a226f6c64223b7d),
('1c3ebc26d05200eb6ca2037f816c991f234ff2ac', '113.190.40.190', 1484120510, 0x5f5f63695f6c6173745f726567656e65726174657c693a313438343132303231383b64657468697c613a31313a7b733a383a22504b5f734d614342223b733a353a2243425f3031223b733a363a227354656e4342223b733a31383a225068c3b26e67206b68e1baa36f207468c3ad223b733a393a22734e67617953696e68223b733a31303a2264642f6d6d2f79797979223b733a393a227347696f6954696e68223b733a333a224e616d223b733a373a2273446961436869223b733a393a2248c3a0204ee1bb9969223b733a363a2273456d61696c223b733a32323a2270686f6e676b68616f74686940676d61696c2e636f6d223b733a343a2273534454223b733a31313a223031323334353637383939223b733a393a22735461694b686f616e223b733a353a2261646d696e223b733a383a22734d61744b686175223b733a34303a2237313130656461346430396530363261613565346133393062306135373261633064326330323230223b733a31313a22464b5f694d61517579656e223b733a313a2231223b733a393a227354656e517579656e223b733a31363a225472c6b0e1bb9f6e67207068c3b26e67223b7d6e6f74696669636174696f6e7c613a333a7b733a343a2274797065223b733a373a2273756363657373223b733a353a227469746c65223b733a303a22223b733a373a226d657373616765223b733a32343a225468c3aa6d206dc3b46e207468c3a06e682063c3b46e6721223b7d5f5f63695f766172737c613a313a7b733a31323a226e6f74696669636174696f6e223b733a333a226f6c64223b7d),
('276a50276610043755d39383c1b612750f2e8aa9', '113.190.40.190', 1484120658, 0x5f5f63695f6c6173745f726567656e65726174657c693a313438343132303539303b64657468697c613a31313a7b733a383a22504b5f734d614342223b733a353a2243425f3031223b733a363a227354656e4342223b733a31383a225068c3b26e67206b68e1baa36f207468c3ad223b733a393a22734e67617953696e68223b733a31303a2264642f6d6d2f79797979223b733a393a227347696f6954696e68223b733a333a224e616d223b733a373a2273446961436869223b733a393a2248c3a0204ee1bb9969223b733a363a2273456d61696c223b733a32323a2270686f6e676b68616f74686940676d61696c2e636f6d223b733a343a2273534454223b733a31313a223031323334353637383939223b733a393a22735461694b686f616e223b733a353a2261646d696e223b733a383a22734d61744b686175223b733a34303a2237313130656461346430396530363261613565346133393062306135373261633064326330323230223b733a31313a22464b5f694d61517579656e223b733a313a2231223b733a393a227354656e517579656e223b733a31363a225472c6b0e1bb9f6e67207068c3b26e67223b7d6e6f74696669636174696f6e7c613a333a7b733a343a2274797065223b733a373a2273756363657373223b733a353a227469746c65223b733a303a22223b733a373a226d657373616765223b733a32343a225468c3aa6d206dc3b46e207468c3a06e682063c3b46e6721223b7d5f5f63695f766172737c613a313a7b733a31323a226e6f74696669636174696f6e223b733a333a226f6c64223b7d),
('22ee078990a33fcfa538d03c7f87eddb87e17f1f', '113.190.40.190', 1484121215, 0x5f5f63695f6c6173745f726567656e65726174657c693a313438343132303933393b64657468697c613a31313a7b733a383a22504b5f734d614342223b733a353a2243425f3031223b733a363a227354656e4342223b733a31383a225068c3b26e67206b68e1baa36f207468c3ad223b733a393a22734e67617953696e68223b733a31303a2264642f6d6d2f79797979223b733a393a227347696f6954696e68223b733a333a224e616d223b733a373a2273446961436869223b733a393a2248c3a0204ee1bb9969223b733a363a2273456d61696c223b733a32323a2270686f6e676b68616f74686940676d61696c2e636f6d223b733a343a2273534454223b733a31313a223031323334353637383939223b733a393a22735461694b686f616e223b733a353a2261646d696e223b733a383a22734d61744b686175223b733a34303a2237313130656461346430396530363261613565346133393062306135373261633064326330323230223b733a31313a22464b5f694d61517579656e223b733a313a2231223b733a393a227354656e517579656e223b733a31363a225472c6b0e1bb9f6e67207068c3b26e67223b7d6e6f74696669636174696f6e7c613a333a7b733a343a2274797065223b733a373a2273756363657373223b733a353a227469746c65223b733a303a22223b733a373a226d657373616765223b733a32343a225468c3aa6d206dc3b46e207468c3a06e682063c3b46e6721223b7d5f5f63695f766172737c613a313a7b733a31323a226e6f74696669636174696f6e223b733a333a226f6c64223b7d),
('38d815825bc8ff6849466e728a0eb3556fe3a49a', '113.190.40.190', 1484121379, 0x5f5f63695f6c6173745f726567656e65726174657c693a313438343132313234313b64657468697c613a31313a7b733a383a22504b5f734d614342223b733a353a2243425f3031223b733a363a227354656e4342223b733a31383a225068c3b26e67206b68e1baa36f207468c3ad223b733a393a22734e67617953696e68223b733a31303a2264642f6d6d2f79797979223b733a393a227347696f6954696e68223b733a333a224e616d223b733a373a2273446961436869223b733a393a2248c3a0204ee1bb9969223b733a363a2273456d61696c223b733a32323a2270686f6e676b68616f74686940676d61696c2e636f6d223b733a343a2273534454223b733a31313a223031323334353637383939223b733a393a22735461694b686f616e223b733a353a2261646d696e223b733a383a22734d61744b686175223b733a34303a2237313130656461346430396530363261613565346133393062306135373261633064326330323230223b733a31313a22464b5f694d61517579656e223b733a313a2231223b733a393a227354656e517579656e223b733a31363a225472c6b0e1bb9f6e67207068c3b26e67223b7d6e6f74696669636174696f6e7c613a333a7b733a343a2274797065223b733a373a2273756363657373223b733a353a227469746c65223b733a303a22223b733a373a226d657373616765223b733a32343a225468c3aa6d206dc3b46e207468c3a06e682063c3b46e6721223b7d5f5f63695f766172737c613a313a7b733a31323a226e6f74696669636174696f6e223b733a333a226f6c64223b7d),
('50b98c95683340e23867b46947bb7ad0c72c7ee2', '100.76.110.238', 1484136566, 0x5f5f63695f6c6173745f726567656e65726174657c693a313438343133363535333b64657468697c613a31313a7b733a383a22504b5f734d614342223b733a353a2243425f3031223b733a363a227354656e4342223b733a31383a225068c3b26e67206b68e1baa36f207468c3ad223b733a393a22734e67617953696e68223b733a31303a2264642f6d6d2f79797979223b733a393a227347696f6954696e68223b733a333a224e616d223b733a373a2273446961436869223b733a393a2248c3a0204ee1bb9969223b733a363a2273456d61696c223b733a32323a2270686f6e676b68616f74686940676d61696c2e636f6d223b733a343a2273534454223b733a31313a223031323334353637383939223b733a393a22735461694b686f616e223b733a353a2261646d696e223b733a383a22734d61744b686175223b733a34303a2237313130656461346430396530363261613565346133393062306135373261633064326330323230223b733a31313a22464b5f694d61517579656e223b733a313a2231223b733a393a227354656e517579656e223b733a31363a225472c6b0e1bb9f6e67207068c3b26e67223b7d),
('94f587dbd793b96be9874c00f8ce2dbcf7811704', '1.55.97.151', 1484140856, 0x5f5f63695f6c6173745f726567656e65726174657c693a313438343134303834373b64657468697c613a31313a7b733a383a22504b5f734d614342223b733a353a2243425f3031223b733a363a227354656e4342223b733a31383a225068c3b26e67206b68e1baa36f207468c3ad223b733a393a22734e67617953696e68223b733a31303a2264642f6d6d2f79797979223b733a393a227347696f6954696e68223b733a333a224e616d223b733a373a2273446961436869223b733a393a2248c3a0204ee1bb9969223b733a363a2273456d61696c223b733a32323a2270686f6e676b68616f74686940676d61696c2e636f6d223b733a343a2273534454223b733a31313a223031323334353637383939223b733a393a22735461694b686f616e223b733a353a2261646d696e223b733a383a22734d61744b686175223b733a34303a2237313130656461346430396530363261613565346133393062306135373261633064326330323230223b733a31313a22464b5f694d61517579656e223b733a313a2231223b733a393a227354656e517579656e223b733a31363a225472c6b0e1bb9f6e67207068c3b26e67223b7d),
('a5ddc644f6e3339b5d943cee5ee48f1623c38aa9', '113.190.40.190', 1484202576, 0x5f5f63695f6c6173745f726567656e65726174657c693a313438343230323435303b64657468697c613a31313a7b733a383a22504b5f734d614342223b733a353a2243425f3031223b733a363a227354656e4342223b733a31383a225068c3b26e67206b68e1baa36f207468c3ad223b733a393a22734e67617953696e68223b733a31303a2264642f6d6d2f79797979223b733a393a227347696f6954696e68223b733a333a224e616d223b733a373a2273446961436869223b733a393a2248c3a0204ee1bb9969223b733a363a2273456d61696c223b733a32323a2270686f6e676b68616f74686940676d61696c2e636f6d223b733a343a2273534454223b733a31313a223031323334353637383939223b733a393a22735461694b686f616e223b733a353a2261646d696e223b733a383a22734d61744b686175223b733a34303a2237313130656461346430396530363261613565346133393062306135373261633064326330323230223b733a31313a22464b5f694d61517579656e223b733a313a2231223b733a393a227354656e517579656e223b733a31363a225472c6b0e1bb9f6e67207068c3b26e67223b7d),
('56d05dae26189670dbc9b9a9448ae8662927c0b6', '8.37.232.105', 1484210337, 0x5f5f63695f6c6173745f726567656e65726174657c693a313438343231303333363b),
('678268ac1456a6a23a97a282a59c82b5c7af6aeb', '113.190.40.190', 1484210435, 0x5f5f63695f6c6173745f726567656e65726174657c693a313438343231303333383b64657468697c613a31313a7b733a383a22504b5f734d614342223b733a353a2243425f3031223b733a363a227354656e4342223b733a31383a225068c3b26e67206b68e1baa36f207468c3ad223b733a393a22734e67617953696e68223b733a31303a2264642f6d6d2f79797979223b733a393a227347696f6954696e68223b733a333a224e616d223b733a373a2273446961436869223b733a393a2248c3a0204ee1bb9969223b733a363a2273456d61696c223b733a32323a2270686f6e676b68616f74686940676d61696c2e636f6d223b733a343a2273534454223b733a31313a223031323334353637383939223b733a393a22735461694b686f616e223b733a353a2261646d696e223b733a383a22734d61744b686175223b733a34303a2237313130656461346430396530363261613565346133393062306135373261633064326330323230223b733a31313a22464b5f694d61517579656e223b733a313a2231223b733a393a227354656e517579656e223b733a31363a225472c6b0e1bb9f6e67207068c3b26e67223b7d),
('fee99e040e1baf3142520732c94fa113a47afba0', '113.190.40.190', 1484296763, 0x5f5f63695f6c6173745f726567656e65726174657c693a313438343239363734333b64657468697c613a31313a7b733a383a22504b5f734d614342223b733a353a2243425f3031223b733a363a227354656e4342223b733a31383a225068c3b26e67206b68e1baa36f207468c3ad223b733a393a22734e67617953696e68223b733a31303a2264642f6d6d2f79797979223b733a393a227347696f6954696e68223b733a333a224e616d223b733a373a2273446961436869223b733a393a2248c3a0204ee1bb9969223b733a363a2273456d61696c223b733a32323a2270686f6e676b68616f74686940676d61696c2e636f6d223b733a343a2273534454223b733a31313a223031323334353637383939223b733a393a22735461694b686f616e223b733a353a2261646d696e223b733a383a22734d61744b686175223b733a34303a2237313130656461346430396530363261613565346133393062306135373261633064326330323230223b733a31313a22464b5f694d61517579656e223b733a313a2231223b733a393a227354656e517579656e223b733a31363a225472c6b0e1bb9f6e67207068c3b26e67223b7d),
('d226fc8239c8be9fc815cbbd7fe8d75d34e2d735', '113.190.40.190', 1484297445, 0x5f5f63695f6c6173745f726567656e65726174657c693a313438343239373336353b),
('f835d164f83d51ed0d94156a9130b8c9a9de96d3', '113.190.40.190', 1484530085, 0x5f5f63695f6c6173745f726567656e65726174657c693a313438343533303030333b64657468697c613a31313a7b733a383a22504b5f734d614342223b733a353a2243425f3031223b733a363a227354656e4342223b733a31383a225068c3b26e67206b68e1baa36f207468c3ad223b733a393a22734e67617953696e68223b733a31303a2264642f6d6d2f79797979223b733a393a227347696f6954696e68223b733a333a224e616d223b733a373a2273446961436869223b733a393a2248c3a0204ee1bb9969223b733a363a2273456d61696c223b733a32323a2270686f6e676b68616f74686940676d61696c2e636f6d223b733a343a2273534454223b733a31313a223031323334353637383939223b733a393a22735461694b686f616e223b733a353a2261646d696e223b733a383a22734d61744b686175223b733a34303a2237313130656461346430396530363261613565346133393062306135373261633064326330323230223b733a31313a22464b5f694d61517579656e223b733a313a2231223b733a393a227354656e517579656e223b733a31363a225472c6b0e1bb9f6e67207068c3b26e67223b7d),
('ff2daf523e63e862a9c752c02f790decd0e73a8f', '118.70.222.158', 1484532787, 0x5f5f63695f6c6173745f726567656e65726174657c693a313438343533323738373b),
('07296acb5b5dc94dc8cf41710512a5107307caa0', '118.70.222.158', 1484536953, 0x5f5f63695f6c6173745f726567656e65726174657c693a313438343533363935323b64657468697c613a31313a7b733a383a22504b5f734d614342223b733a353a2243425f3031223b733a363a227354656e4342223b733a31383a225068c3b26e67206b68e1baa36f207468c3ad223b733a393a22734e67617953696e68223b733a31303a2264642f6d6d2f79797979223b733a393a227347696f6954696e68223b733a333a224e616d223b733a373a2273446961436869223b733a393a2248c3a0204ee1bb9969223b733a363a2273456d61696c223b733a32323a2270686f6e676b68616f74686940676d61696c2e636f6d223b733a343a2273534454223b733a31313a223031323334353637383939223b733a393a22735461694b686f616e223b733a353a2261646d696e223b733a383a22734d61744b686175223b733a34303a2237313130656461346430396530363261613565346133393062306135373261633064326330323230223b733a31313a22464b5f694d61517579656e223b733a313a2231223b733a393a227354656e517579656e223b733a31363a225472c6b0e1bb9f6e67207068c3b26e67223b7d),
('c0c9e80c79c76b2f6a24e2c0bdd89525565bb79b', '118.70.222.158', 1484539136, 0x5f5f63695f6c6173745f726567656e65726174657c693a313438343533393133363b64657468697c613a31313a7b733a383a22504b5f734d614342223b733a353a2243425f3031223b733a363a227354656e4342223b733a31383a225068c3b26e67206b68e1baa36f207468c3ad223b733a393a22734e67617953696e68223b733a31303a2264642f6d6d2f79797979223b733a393a227347696f6954696e68223b733a333a224e616d223b733a373a2273446961436869223b733a393a2248c3a0204ee1bb9969223b733a363a2273456d61696c223b733a32323a2270686f6e676b68616f74686940676d61696c2e636f6d223b733a343a2273534454223b733a31313a223031323334353637383939223b733a393a22735461694b686f616e223b733a353a2261646d696e223b733a383a22734d61744b686175223b733a34303a2237313130656461346430396530363261613565346133393062306135373261633064326330323230223b733a31313a22464b5f694d61517579656e223b733a313a2231223b733a393a227354656e517579656e223b733a31363a225472c6b0e1bb9f6e67207068c3b26e67223b7d),
('4300e8313bc35fc45354be8b50c971d8cbe26a10', '8.37.232.234', 1484705408, 0x5f5f63695f6c6173745f726567656e65726174657c693a313438343730353338313b64657468697c613a31313a7b733a383a22504b5f734d614342223b733a353a2243425f3031223b733a363a227354656e4342223b733a31383a225068c3b26e67206b68e1baa36f207468c3ad223b733a393a22734e67617953696e68223b733a31303a2264642f6d6d2f79797979223b733a393a227347696f6954696e68223b733a333a224e616d223b733a373a2273446961436869223b733a393a2248c3a0204ee1bb9969223b733a363a2273456d61696c223b733a32323a2270686f6e676b68616f74686940676d61696c2e636f6d223b733a343a2273534454223b733a31313a223031323334353637383939223b733a393a22735461694b686f616e223b733a353a2261646d696e223b733a383a22734d61744b686175223b733a34303a2237313130656461346430396530363261613565346133393062306135373261633064326330323230223b733a31313a22464b5f694d61517579656e223b733a313a2231223b733a393a227354656e517579656e223b733a31363a225472c6b0e1bb9f6e67207068c3b26e67223b7d),
('7d773e31861d05a0a315b980946b5eab281a6c01', '8.37.232.234', 1484827115, 0x5f5f63695f6c6173745f726567656e65726174657c693a313438343832373131353b),
('6a08050858305052ae778eb1314f15cfb67a9bbf', '113.190.102.37', 1484972836, 0x5f5f63695f6c6173745f726567656e65726174657c693a313438343937323833363b),
('61cc4b9c9ca9528531c8bcd3e0084862925cf51f', '113.190.102.37', 1484973342, 0x5f5f63695f6c6173745f726567656e65726174657c693a313438343937333236363b64657468697c613a31313a7b733a383a22504b5f734d614342223b733a353a2243425f3031223b733a363a227354656e4342223b733a31383a225068c3b26e67206b68e1baa36f207468c3ad223b733a393a22734e67617953696e68223b733a31303a2264642f6d6d2f79797979223b733a393a227347696f6954696e68223b733a333a224e616d223b733a373a2273446961436869223b733a393a2248c3a0204ee1bb9969223b733a363a2273456d61696c223b733a32323a2270686f6e676b68616f74686940676d61696c2e636f6d223b733a343a2273534454223b733a31313a223031323334353637383939223b733a393a22735461694b686f616e223b733a353a2261646d696e223b733a383a22734d61744b686175223b733a34303a2237313130656461346430396530363261613565346133393062306135373261633064326330323230223b733a31313a22464b5f694d61517579656e223b733a313a2231223b733a393a227354656e517579656e223b733a31363a225472c6b0e1bb9f6e67207068c3b26e67223b7d),
('6598a371b5dfcf6d4f2e0665276e0a4c9435f297', '8.37.232.234', 1485087712, 0x5f5f63695f6c6173745f726567656e65726174657c693a313438353038373730373b),
('98f9d9c554bacd4d5f7fbc2f43da4cfc1fd7ac78', '8.37.232.234', 1485090588, 0x5f5f63695f6c6173745f726567656e65726174657c693a313438353039303336303b),
('b42a99d324fbc76172824b2f7e9b90126b490aac', '113.178.77.96', 1485090887, 0x5f5f63695f6c6173745f726567656e65726174657c693a313438353039303830353b),
('636c649ff58a7c30631914d67e8281c50989817e', '113.178.77.96', 1485180115, 0x5f5f63695f6c6173745f726567656e65726174657c693a313438353138303131303b),
('16e369ee2030a933f3840a34ac1513688a4fb538', '14.177.1.232', 1485250748, 0x5f5f63695f6c6173745f726567656e65726174657c693a313438353235303733393b64657468697c613a31313a7b733a383a22504b5f734d614342223b733a353a2243425f3031223b733a363a227354656e4342223b733a31383a225068c3b26e67206b68e1baa36f207468c3ad223b733a393a22734e67617953696e68223b733a31303a2264642f6d6d2f79797979223b733a393a227347696f6954696e68223b733a333a224e616d223b733a373a2273446961436869223b733a393a2248c3a0204ee1bb9969223b733a363a2273456d61696c223b733a32323a2270686f6e676b68616f74686940676d61696c2e636f6d223b733a343a2273534454223b733a31313a223031323334353637383939223b733a393a22735461694b686f616e223b733a353a2261646d696e223b733a383a22734d61744b686175223b733a34303a2237313130656461346430396530363261613565346133393062306135373261633064326330323230223b733a31313a22464b5f694d61517579656e223b733a313a2231223b733a393a227354656e517579656e223b733a31363a225472c6b0e1bb9f6e67207068c3b26e67223b7d),
('985b959aab0a0662fa38626c5a38cb76b0c2e3fe', '123.24.45.85', 1485590947, 0x5f5f63695f6c6173745f726567656e65726174657c693a313438353539303934313b64657468697c613a31313a7b733a383a22504b5f734d614342223b733a353a2243425f3031223b733a363a227354656e4342223b733a31383a225068c3b26e67206b68e1baa36f207468c3ad223b733a393a22734e67617953696e68223b733a31303a2264642f6d6d2f79797979223b733a393a227347696f6954696e68223b733a333a224e616d223b733a373a2273446961436869223b733a393a2248c3a0204ee1bb9969223b733a363a2273456d61696c223b733a32323a2270686f6e676b68616f74686940676d61696c2e636f6d223b733a343a2273534454223b733a31313a223031323334353637383939223b733a393a22735461694b686f616e223b733a353a2261646d696e223b733a383a22734d61744b686175223b733a34303a2237313130656461346430396530363261613565346133393062306135373261633064326330323230223b733a31313a22464b5f694d61517579656e223b733a313a2231223b733a393a227354656e517579656e223b733a31363a225472c6b0e1bb9f6e67207068c3b26e67223b7d),
('d5665b982afb9a9c1319e568b6f246568141fc39', '117.5.202.80', 1487397426, 0x5f5f63695f6c6173745f726567656e65726174657c693a313438373339373232313b64657468697c613a31313a7b733a383a22504b5f734d614342223b733a353a2243425f3031223b733a363a227354656e4342223b733a31383a225068c3b26e67206b68e1baa36f207468c3ad223b733a393a22734e67617953696e68223b733a31303a2264642f6d6d2f79797979223b733a393a227347696f6954696e68223b733a333a224e616d223b733a373a2273446961436869223b733a393a2248c3a0204ee1bb9969223b733a363a2273456d61696c223b733a32323a2270686f6e676b68616f74686940676d61696c2e636f6d223b733a343a2273534454223b733a31313a223031323334353637383939223b733a393a22735461694b686f616e223b733a353a2261646d696e223b733a383a22734d61744b686175223b733a34303a2237313130656461346430396530363261613565346133393062306135373261633064326330323230223b733a31313a22464b5f694d61517579656e223b733a313a2231223b733a393a227354656e517579656e223b733a31363a225472c6b0e1bb9f6e67207068c3b26e67223b7d),
('f80b1deb16056759639be15bb23caadd40da885e', '100.79.27.61', 1487469124, 0x5f5f63695f6c6173745f726567656e65726174657c693a313438373436383836313b64657468697c613a31313a7b733a383a22504b5f734d614342223b733a353a2243425f3031223b733a363a227354656e4342223b733a31383a225068c3b26e67206b68e1baa36f207468c3ad223b733a393a22734e67617953696e68223b733a31303a2264642f6d6d2f79797979223b733a393a227347696f6954696e68223b733a333a224e616d223b733a373a2273446961436869223b733a393a2248c3a0204ee1bb9969223b733a363a2273456d61696c223b733a32323a2270686f6e676b68616f74686940676d61696c2e636f6d223b733a343a2273534454223b733a31313a223031323334353637383939223b733a393a22735461694b686f616e223b733a353a2261646d696e223b733a383a22734d61744b686175223b733a34303a2237313130656461346430396530363261613565346133393062306135373261633064326330323230223b733a31313a22464b5f694d61517579656e223b733a313a2231223b733a393a227354656e517579656e223b733a31363a225472c6b0e1bb9f6e67207068c3b26e67223b7d),
('dcdf0bdc48d414f3a0b2a8910e6d4f95dca9cc3c', '100.79.27.61', 1487470150, 0x5f5f63695f6c6173745f726567656e65726174657c693a313438373437303130353b64657468697c613a31313a7b733a383a22504b5f734d614342223b733a353a2243425f3031223b733a363a227354656e4342223b733a31383a225068c3b26e67206b68e1baa36f207468c3ad223b733a393a22734e67617953696e68223b733a31303a2264642f6d6d2f79797979223b733a393a227347696f6954696e68223b733a333a224e616d223b733a373a2273446961436869223b733a393a2248c3a0204ee1bb9969223b733a363a2273456d61696c223b733a32323a2270686f6e676b68616f74686940676d61696c2e636f6d223b733a343a2273534454223b733a31313a223031323334353637383939223b733a393a22735461694b686f616e223b733a353a2261646d696e223b733a383a22734d61744b686175223b733a34303a2237313130656461346430396530363261613565346133393062306135373261633064326330323230223b733a31313a22464b5f694d61517579656e223b733a313a2231223b733a393a227354656e517579656e223b733a31363a225472c6b0e1bb9f6e67207068c3b26e67223b7d6e6f74696669636174696f6e7c613a333a7b733a343a2274797065223b733a373a2273756363657373223b733a353a227469746c65223b733a303a22223b733a373a226d657373616765223b733a32343a225468c3aa6d206dc3b46e207468c3a06e682063c3b46e6721223b7d5f5f63695f766172737c613a313a7b733a31323a226e6f74696669636174696f6e223b733a333a226f6c64223b7d),
('32d9317eff59b899062b9918bde693b09230f35c', '173.252.84.201', 1487470242, 0x5f5f63695f6c6173745f726567656e65726174657c693a313438373437303234323b),
('8c811bd4a615c6b86d360619ffbbaf77ce005989', '173.252.84.201', 1487470243, 0x5f5f63695f6c6173745f726567656e65726174657c693a313438373437303234333b),
('5e41b2a7cada203ec1e3911dc5c9241d37081fbb', '100.79.27.61', 1487470920, 0x5f5f63695f6c6173745f726567656e65726174657c693a313438373437303633313b64657468697c613a31313a7b733a383a22504b5f734d614342223b733a353a2243425f3031223b733a363a227354656e4342223b733a31383a225068c3b26e67206b68e1baa36f207468c3ad223b733a393a22734e67617953696e68223b733a31303a2264642f6d6d2f79797979223b733a393a227347696f6954696e68223b733a333a224e616d223b733a373a2273446961436869223b733a393a2248c3a0204ee1bb9969223b733a363a2273456d61696c223b733a32323a2270686f6e676b68616f74686940676d61696c2e636f6d223b733a343a2273534454223b733a31313a223031323334353637383939223b733a393a22735461694b686f616e223b733a353a2261646d696e223b733a383a22734d61744b686175223b733a34303a2237313130656461346430396530363261613565346133393062306135373261633064326330323230223b733a31313a22464b5f694d61517579656e223b733a313a2231223b733a393a227354656e517579656e223b733a31363a225472c6b0e1bb9f6e67207068c3b26e67223b7d6e6f74696669636174696f6e7c613a333a7b733a343a2274797065223b733a373a2273756363657373223b733a353a227469746c65223b733a303a22223b733a373a226d657373616765223b733a32343a225468c3aa6d206dc3b46e207468c3a06e682063c3b46e6721223b7d5f5f63695f766172737c613a313a7b733a31323a226e6f74696669636174696f6e223b733a333a226f6c64223b7d),
('8f21752cd44f6608b92f8144e926e79eac66e2ee', '14.189.69.213', 1487471218, 0x5f5f63695f6c6173745f726567656e65726174657c693a313438373437303933313b64657468697c613a31313a7b733a383a22504b5f734d614342223b733a353a2243425f3031223b733a363a227354656e4342223b733a31383a225068c3b26e67206b68e1baa36f207468c3ad223b733a393a22734e67617953696e68223b733a31303a2264642f6d6d2f79797979223b733a393a227347696f6954696e68223b733a333a224e616d223b733a373a2273446961436869223b733a393a2248c3a0204ee1bb9969223b733a363a2273456d61696c223b733a32323a2270686f6e676b68616f74686940676d61696c2e636f6d223b733a343a2273534454223b733a31313a223031323334353637383939223b733a393a22735461694b686f616e223b733a353a2261646d696e223b733a383a22734d61744b686175223b733a34303a2237313130656461346430396530363261613565346133393062306135373261633064326330323230223b733a31313a22464b5f694d61517579656e223b733a313a2231223b733a393a227354656e517579656e223b733a31363a225472c6b0e1bb9f6e67207068c3b26e67223b7d6e6f74696669636174696f6e7c613a333a7b733a343a2274797065223b733a373a2273756363657373223b733a353a227469746c65223b733a303a22223b733a373a226d657373616765223b733a32343a225468c3aa6d206dc3b46e207468c3a06e682063c3b46e6721223b7d5f5f63695f766172737c613a313a7b733a31323a226e6f74696669636174696f6e223b733a333a226f6c64223b7d),
('c3633a747b74bbefbd2bdfc2590b0a9b5876bcd4', '100.79.27.61', 1487471235, 0x5f5f63695f6c6173745f726567656e65726174657c693a313438373437303933353b64657468697c613a31313a7b733a383a22504b5f734d614342223b733a353a2243425f3031223b733a363a227354656e4342223b733a31383a225068c3b26e67206b68e1baa36f207468c3ad223b733a393a22734e67617953696e68223b733a31303a2264642f6d6d2f79797979223b733a393a227347696f6954696e68223b733a333a224e616d223b733a373a2273446961436869223b733a393a2248c3a0204ee1bb9969223b733a363a2273456d61696c223b733a32323a2270686f6e676b68616f74686940676d61696c2e636f6d223b733a343a2273534454223b733a31313a223031323334353637383939223b733a393a22735461694b686f616e223b733a353a2261646d696e223b733a383a22734d61744b686175223b733a34303a2237313130656461346430396530363261613565346133393062306135373261633064326330323230223b733a31313a22464b5f694d61517579656e223b733a313a2231223b733a393a227354656e517579656e223b733a31363a225472c6b0e1bb9f6e67207068c3b26e67223b7d6e6f74696669636174696f6e7c613a333a7b733a343a2274797065223b733a373a2273756363657373223b733a353a227469746c65223b733a303a22223b733a373a226d657373616765223b733a32343a225468c3aa6d206dc3b46e207468c3a06e682063c3b46e6721223b7d5f5f63695f766172737c613a313a7b733a31323a226e6f74696669636174696f6e223b733a333a226f6c64223b7d),
('069d39bd6014ef2c7a9d9ed4fbbec18f0709749a', '14.189.69.213', 1487471533, 0x5f5f63695f6c6173745f726567656e65726174657c693a313438373437313233353b64657468697c613a31313a7b733a383a22504b5f734d614342223b733a353a2243425f3031223b733a363a227354656e4342223b733a31383a225068c3b26e67206b68e1baa36f207468c3ad223b733a393a22734e67617953696e68223b733a31303a2264642f6d6d2f79797979223b733a393a227347696f6954696e68223b733a333a224e616d223b733a373a2273446961436869223b733a393a2248c3a0204ee1bb9969223b733a363a2273456d61696c223b733a32323a2270686f6e676b68616f74686940676d61696c2e636f6d223b733a343a2273534454223b733a31313a223031323334353637383939223b733a393a22735461694b686f616e223b733a353a2261646d696e223b733a383a22734d61744b686175223b733a34303a2237313130656461346430396530363261613565346133393062306135373261633064326330323230223b733a31313a22464b5f694d61517579656e223b733a313a2231223b733a393a227354656e517579656e223b733a31363a225472c6b0e1bb9f6e67207068c3b26e67223b7d6e6f74696669636174696f6e7c613a333a7b733a343a2274797065223b733a373a2273756363657373223b733a353a227469746c65223b733a303a22223b733a373a226d657373616765223b733a32343a225468c3aa6d206dc3b46e207468c3a06e682063c3b46e6721223b7d5f5f63695f766172737c613a313a7b733a31323a226e6f74696669636174696f6e223b733a333a226f6c64223b7d),
('4c2586d15c12e248a6332f6534a801fb5273f3d3', '14.189.69.213', 1487471834, 0x5f5f63695f6c6173745f726567656e65726174657c693a313438373437313534393b64657468697c613a31313a7b733a383a22504b5f734d614342223b733a353a2243425f3031223b733a363a227354656e4342223b733a31383a225068c3b26e67206b68e1baa36f207468c3ad223b733a393a22734e67617953696e68223b733a31303a2264642f6d6d2f79797979223b733a393a227347696f6954696e68223b733a333a224e616d223b733a373a2273446961436869223b733a393a2248c3a0204ee1bb9969223b733a363a2273456d61696c223b733a32323a2270686f6e676b68616f74686940676d61696c2e636f6d223b733a343a2273534454223b733a31313a223031323334353637383939223b733a393a22735461694b686f616e223b733a353a2261646d696e223b733a383a22734d61744b686175223b733a34303a2237313130656461346430396530363261613565346133393062306135373261633064326330323230223b733a31313a22464b5f694d61517579656e223b733a313a2231223b733a393a227354656e517579656e223b733a31363a225472c6b0e1bb9f6e67207068c3b26e67223b7d6e6f74696669636174696f6e7c613a333a7b733a343a2274797065223b733a373a2273756363657373223b733a353a227469746c65223b733a303a22223b733a373a226d657373616765223b733a32343a225468c3aa6d206dc3b46e207468c3a06e682063c3b46e6721223b7d5f5f63695f766172737c613a313a7b733a31323a226e6f74696669636174696f6e223b733a333a226f6c64223b7d),
('6af24ca3acfc194e1406c0a7b8331fdd9fe0f2dc', '100.79.27.61', 1487472016, 0x5f5f63695f6c6173745f726567656e65726174657c693a313438373437313732333b64657468697c613a31313a7b733a383a22504b5f734d614342223b733a353a2243425f3031223b733a363a227354656e4342223b733a31383a225068c3b26e67206b68e1baa36f207468c3ad223b733a393a22734e67617953696e68223b733a31303a2264642f6d6d2f79797979223b733a393a227347696f6954696e68223b733a333a224e616d223b733a373a2273446961436869223b733a393a2248c3a0204ee1bb9969223b733a363a2273456d61696c223b733a32323a2270686f6e676b68616f74686940676d61696c2e636f6d223b733a343a2273534454223b733a31313a223031323334353637383939223b733a393a22735461694b686f616e223b733a353a2261646d696e223b733a383a22734d61744b686175223b733a34303a2237313130656461346430396530363261613565346133393062306135373261633064326330323230223b733a31313a22464b5f694d61517579656e223b733a313a2231223b733a393a227354656e517579656e223b733a31363a225472c6b0e1bb9f6e67207068c3b26e67223b7d6e6f74696669636174696f6e7c613a333a7b733a343a2274797065223b733a373a2273756363657373223b733a353a227469746c65223b733a303a22223b733a373a226d657373616765223b733a32343a225468c3aa6d206dc3b46e207468c3a06e682063c3b46e6721223b7d5f5f63695f766172737c613a313a7b733a31323a226e6f74696669636174696f6e223b733a333a226f6c64223b7d),
('fcca1dc2d9dd77f8d7794792fdb27f5d731f5b58', '14.189.69.213', 1487472143, 0x5f5f63695f6c6173745f726567656e65726174657c693a313438373437313835313b64657468697c613a31313a7b733a383a22504b5f734d614342223b733a353a2243425f3031223b733a363a227354656e4342223b733a31383a225068c3b26e67206b68e1baa36f207468c3ad223b733a393a22734e67617953696e68223b733a31303a2264642f6d6d2f79797979223b733a393a227347696f6954696e68223b733a333a224e616d223b733a373a2273446961436869223b733a393a2248c3a0204ee1bb9969223b733a363a2273456d61696c223b733a32323a2270686f6e676b68616f74686940676d61696c2e636f6d223b733a343a2273534454223b733a31313a223031323334353637383939223b733a393a22735461694b686f616e223b733a353a2261646d696e223b733a383a22734d61744b686175223b733a34303a2237313130656461346430396530363261613565346133393062306135373261633064326330323230223b733a31313a22464b5f694d61517579656e223b733a313a2231223b733a393a227354656e517579656e223b733a31363a225472c6b0e1bb9f6e67207068c3b26e67223b7d6e6f74696669636174696f6e7c613a333a7b733a343a2274797065223b733a373a2273756363657373223b733a353a227469746c65223b733a303a22223b733a373a226d657373616765223b733a32343a225468c3aa6d206dc3b46e207468c3a06e682063c3b46e6721223b7d5f5f63695f766172737c613a313a7b733a31323a226e6f74696669636174696f6e223b733a333a226f6c64223b7d);
INSERT INTO `ci_sessions` (`id`, `ip_address`, `timestamp`, `data`) VALUES
('92ee77ac038a4361414df0d821f3492adad05b08', '100.79.27.61', 1487472212, 0x5f5f63695f6c6173745f726567656e65726174657c693a313438373437323032353b64657468697c613a31313a7b733a383a22504b5f734d614342223b733a353a2243425f3031223b733a363a227354656e4342223b733a31383a225068c3b26e67206b68e1baa36f207468c3ad223b733a393a22734e67617953696e68223b733a31303a2264642f6d6d2f79797979223b733a393a227347696f6954696e68223b733a333a224e616d223b733a373a2273446961436869223b733a393a2248c3a0204ee1bb9969223b733a363a2273456d61696c223b733a32323a2270686f6e676b68616f74686940676d61696c2e636f6d223b733a343a2273534454223b733a31313a223031323334353637383939223b733a393a22735461694b686f616e223b733a353a2261646d696e223b733a383a22734d61744b686175223b733a34303a2237313130656461346430396530363261613565346133393062306135373261633064326330323230223b733a31313a22464b5f694d61517579656e223b733a313a2231223b733a393a227354656e517579656e223b733a31363a225472c6b0e1bb9f6e67207068c3b26e67223b7d6e6f74696669636174696f6e7c613a333a7b733a343a2274797065223b733a373a2273756363657373223b733a353a227469746c65223b733a303a22223b733a373a226d657373616765223b733a32343a225468c3aa6d206dc3b46e207468c3a06e682063c3b46e6721223b7d5f5f63695f766172737c613a313a7b733a31323a226e6f74696669636174696f6e223b733a333a226f6c64223b7d),
('b63e5cf426b4b9320ddf0d74adf36f051e2cec4a', '14.189.69.213', 1487472457, 0x5f5f63695f6c6173745f726567656e65726174657c693a313438373437323135383b64657468697c613a31313a7b733a383a22504b5f734d614342223b733a353a2243425f3031223b733a363a227354656e4342223b733a31383a225068c3b26e67206b68e1baa36f207468c3ad223b733a393a22734e67617953696e68223b733a31303a2264642f6d6d2f79797979223b733a393a227347696f6954696e68223b733a333a224e616d223b733a373a2273446961436869223b733a393a2248c3a0204ee1bb9969223b733a363a2273456d61696c223b733a32323a2270686f6e676b68616f74686940676d61696c2e636f6d223b733a343a2273534454223b733a31313a223031323334353637383939223b733a393a22735461694b686f616e223b733a353a2261646d696e223b733a383a22734d61744b686175223b733a34303a2237313130656461346430396530363261613565346133393062306135373261633064326330323230223b733a31313a22464b5f694d61517579656e223b733a313a2231223b733a393a227354656e517579656e223b733a31363a225472c6b0e1bb9f6e67207068c3b26e67223b7d6e6f74696669636174696f6e7c613a333a7b733a343a2274797065223b733a373a2273756363657373223b733a353a227469746c65223b733a303a22223b733a373a226d657373616765223b733a32343a225468c3aa6d206dc3b46e207468c3a06e682063c3b46e6721223b7d5f5f63695f766172737c613a313a7b733a31323a226e6f74696669636174696f6e223b733a333a226f6c64223b7d),
('53dc85f6f9365c9f7376d8176a16414fb54fccf0', '14.189.69.213', 1487472769, 0x5f5f63695f6c6173745f726567656e65726174657c693a313438373437323436393b64657468697c613a31313a7b733a383a22504b5f734d614342223b733a353a2243425f3031223b733a363a227354656e4342223b733a31383a225068c3b26e67206b68e1baa36f207468c3ad223b733a393a22734e67617953696e68223b733a31303a2264642f6d6d2f79797979223b733a393a227347696f6954696e68223b733a333a224e616d223b733a373a2273446961436869223b733a393a2248c3a0204ee1bb9969223b733a363a2273456d61696c223b733a32323a2270686f6e676b68616f74686940676d61696c2e636f6d223b733a343a2273534454223b733a31313a223031323334353637383939223b733a393a22735461694b686f616e223b733a353a2261646d696e223b733a383a22734d61744b686175223b733a34303a2237313130656461346430396530363261613565346133393062306135373261633064326330323230223b733a31313a22464b5f694d61517579656e223b733a313a2231223b733a393a227354656e517579656e223b733a31363a225472c6b0e1bb9f6e67207068c3b26e67223b7d6e6f74696669636174696f6e7c613a333a7b733a343a2274797065223b733a373a2273756363657373223b733a353a227469746c65223b733a303a22223b733a373a226d657373616765223b733a32343a225468c3aa6d206dc3b46e207468c3a06e682063c3b46e6721223b7d5f5f63695f766172737c613a313a7b733a31323a226e6f74696669636174696f6e223b733a333a226f6c64223b7d),
('008fcfe17cc567b8ddeee4428c2e85584d6413ee', '14.189.69.213', 1487472971, 0x5f5f63695f6c6173745f726567656e65726174657c693a313438373437323737393b64657468697c613a31313a7b733a383a22504b5f734d614342223b733a353a2243425f3031223b733a363a227354656e4342223b733a31383a225068c3b26e67206b68e1baa36f207468c3ad223b733a393a22734e67617953696e68223b733a31303a2264642f6d6d2f79797979223b733a393a227347696f6954696e68223b733a333a224e616d223b733a373a2273446961436869223b733a393a2248c3a0204ee1bb9969223b733a363a2273456d61696c223b733a32323a2270686f6e676b68616f74686940676d61696c2e636f6d223b733a343a2273534454223b733a31313a223031323334353637383939223b733a393a22735461694b686f616e223b733a353a2261646d696e223b733a383a22734d61744b686175223b733a34303a2237313130656461346430396530363261613565346133393062306135373261633064326330323230223b733a31313a22464b5f694d61517579656e223b733a313a2231223b733a393a227354656e517579656e223b733a31363a225472c6b0e1bb9f6e67207068c3b26e67223b7d6e6f74696669636174696f6e7c613a333a7b733a343a2274797065223b733a373a2273756363657373223b733a353a227469746c65223b733a303a22223b733a373a226d657373616765223b733a32343a225468c3aa6d206dc3b46e207468c3a06e682063c3b46e6721223b7d5f5f63695f766172737c613a313a7b733a31323a226e6f74696669636174696f6e223b733a333a226f6c64223b7d),
('32648f68f8c29eadab59bb3688b76ac98f0569e8', '113.190.40.190', 1487908499, 0x5f5f63695f6c6173745f726567656e65726174657c693a313438373930383439393b),
('7592e2ea130c252c31e6f7b45520e69dab6bb2d2', '171.234.224.74', 1488473937, 0x5f5f63695f6c6173745f726567656e65726174657c693a313438383437333931303b64657468697c613a31313a7b733a383a22504b5f734d614342223b733a353a2243425f3031223b733a363a227354656e4342223b733a31383a225068c3b26e67206b68e1baa36f207468c3ad223b733a393a22734e67617953696e68223b733a31303a2264642f6d6d2f79797979223b733a393a227347696f6954696e68223b733a333a224e616d223b733a373a2273446961436869223b733a393a2248c3a0204ee1bb9969223b733a363a2273456d61696c223b733a32323a2270686f6e676b68616f74686940676d61696c2e636f6d223b733a343a2273534454223b733a31313a223031323334353637383939223b733a393a22735461694b686f616e223b733a353a2261646d696e223b733a383a22734d61744b686175223b733a34303a2237313130656461346430396530363261613565346133393062306135373261633064326330323230223b733a31313a22464b5f694d61517579656e223b733a313a2231223b733a393a227354656e517579656e223b733a31363a225472c6b0e1bb9f6e67207068c3b26e67223b7d),
('7a8b9271ef9ac00c7ed9b53cacdd548c2b1b99c8', '118.70.222.158', 1489454507, 0x5f5f63695f6c6173745f726567656e65726174657c693a313438393435343436383b),
('2d5f79333b2bc5c59f52455cb90915850151e586', '118.70.222.158', 1489455897, 0x5f5f63695f6c6173745f726567656e65726174657c693a313438393435353739373b),
('fcd47885ce64034a8f8939f78f5247d2532a3e4a', '118.70.222.158', 1489475196, 0x5f5f63695f6c6173745f726567656e65726174657c693a313438393437343838303b64657468697c613a31313a7b733a383a22504b5f734d614342223b733a353a2243425f3031223b733a363a227354656e4342223b733a31383a225068c3b26e67206b68e1baa36f207468c3ad223b733a393a22734e67617953696e68223b733a31303a2264642f6d6d2f79797979223b733a393a227347696f6954696e68223b733a333a224e616d223b733a373a2273446961436869223b733a393a2248c3a0204ee1bb9969223b733a363a2273456d61696c223b733a32323a2270686f6e676b68616f74686940676d61696c2e636f6d223b733a343a2273534454223b733a31313a223031323334353637383939223b733a393a22735461694b686f616e223b733a353a2261646d696e223b733a383a22734d61744b686175223b733a34303a2237313130656461346430396530363261613565346133393062306135373261633064326330323230223b733a31313a22464b5f694d61517579656e223b733a313a2231223b733a393a227354656e517579656e223b733a31363a225472c6b0e1bb9f6e67207068c3b26e67223b7d),
('dd935cdc2f35ae4ba663bb8f0d007ef0a373976a', '118.70.222.158', 1489475285, 0x5f5f63695f6c6173745f726567656e65726174657c693a313438393437353230363b64657468697c613a31313a7b733a383a22504b5f734d614342223b733a353a2243425f3031223b733a363a227354656e4342223b733a31383a225068c3b26e67206b68e1baa36f207468c3ad223b733a393a22734e67617953696e68223b733a31303a2264642f6d6d2f79797979223b733a393a227347696f6954696e68223b733a333a224e616d223b733a373a2273446961436869223b733a393a2248c3a0204ee1bb9969223b733a363a2273456d61696c223b733a32323a2270686f6e676b68616f74686940676d61696c2e636f6d223b733a343a2273534454223b733a31313a223031323334353637383939223b733a393a22735461694b686f616e223b733a353a2261646d696e223b733a383a22734d61744b686175223b733a34303a2237313130656461346430396530363261613565346133393062306135373261633064326330323230223b733a31313a22464b5f694d61517579656e223b733a313a2231223b733a393a227354656e517579656e223b733a31363a225472c6b0e1bb9f6e67207068c3b26e67223b7d),
('3eb88f3e9a5c61c1dcd3be7d8259f49c3816d0d0', '118.70.222.158', 1489475934, 0x5f5f63695f6c6173745f726567656e65726174657c693a313438393437353537353b64657468697c613a31313a7b733a383a22504b5f734d614342223b733a353a2243425f3031223b733a363a227354656e4342223b733a31383a225068c3b26e67206b68e1baa36f207468c3ad223b733a393a22734e67617953696e68223b733a31303a2264642f6d6d2f79797979223b733a393a227347696f6954696e68223b733a333a224e616d223b733a373a2273446961436869223b733a393a2248c3a0204ee1bb9969223b733a363a2273456d61696c223b733a32323a2270686f6e676b68616f74686940676d61696c2e636f6d223b733a343a2273534454223b733a31313a223031323334353637383939223b733a393a22735461694b686f616e223b733a353a2261646d696e223b733a383a22734d61744b686175223b733a34303a2237313130656461346430396530363261613565346133393062306135373261633064326330323230223b733a31313a22464b5f694d61517579656e223b733a313a2231223b733a393a227354656e517579656e223b733a31363a225472c6b0e1bb9f6e67207068c3b26e67223b7d),
('cc652ff4b2d16011d59ea9ee4f9b248ca3fa1fe0', '118.70.222.158', 1489476992, 0x5f5f63695f6c6173745f726567656e65726174657c693a313438393437363934323b64657468697c613a31313a7b733a383a22504b5f734d614342223b733a353a2243425f3031223b733a363a227354656e4342223b733a31383a225068c3b26e67206b68e1baa36f207468c3ad223b733a393a22734e67617953696e68223b733a31303a2264642f6d6d2f79797979223b733a393a227347696f6954696e68223b733a333a224e616d223b733a373a2273446961436869223b733a393a2248c3a0204ee1bb9969223b733a363a2273456d61696c223b733a32323a2270686f6e676b68616f74686940676d61696c2e636f6d223b733a343a2273534454223b733a31313a223031323334353637383939223b733a393a22735461694b686f616e223b733a353a2261646d696e223b733a383a22734d61744b686175223b733a34303a2237313130656461346430396530363261613565346133393062306135373261633064326330323230223b733a31313a22464b5f694d61517579656e223b733a313a2231223b733a393a227354656e517579656e223b733a31363a225472c6b0e1bb9f6e67207068c3b26e67223b7d),
('1732e86cb3294c4d2fb3a344e190a7a5bd670271', '118.70.222.158', 1489477478, 0x5f5f63695f6c6173745f726567656e65726174657c693a313438393437373437373b64657468697c613a31313a7b733a383a22504b5f734d614342223b733a353a2243425f3031223b733a363a227354656e4342223b733a31383a225068c3b26e67206b68e1baa36f207468c3ad223b733a393a22734e67617953696e68223b733a31303a2264642f6d6d2f79797979223b733a393a227347696f6954696e68223b733a333a224e616d223b733a373a2273446961436869223b733a393a2248c3a0204ee1bb9969223b733a363a2273456d61696c223b733a32323a2270686f6e676b68616f74686940676d61696c2e636f6d223b733a343a2273534454223b733a31313a223031323334353637383939223b733a393a22735461694b686f616e223b733a353a2261646d696e223b733a383a22734d61744b686175223b733a34303a2237313130656461346430396530363261613565346133393062306135373261633064326330323230223b733a31313a22464b5f694d61517579656e223b733a313a2231223b733a393a227354656e517579656e223b733a31363a225472c6b0e1bb9f6e67207068c3b26e67223b7d),
('c3d424497c46dc36fbcba311d5bc7ece0a1bfc1a', '118.70.222.158', 1489482310, 0x5f5f63695f6c6173745f726567656e65726174657c693a313438393438323331303b64657468697c613a31313a7b733a383a22504b5f734d614342223b733a353a2243425f3031223b733a363a227354656e4342223b733a31383a225068c3b26e67206b68e1baa36f207468c3ad223b733a393a22734e67617953696e68223b733a31303a2264642f6d6d2f79797979223b733a393a227347696f6954696e68223b733a333a224e616d223b733a373a2273446961436869223b733a393a2248c3a0204ee1bb9969223b733a363a2273456d61696c223b733a32323a2270686f6e676b68616f74686940676d61696c2e636f6d223b733a343a2273534454223b733a31313a223031323334353637383939223b733a393a22735461694b686f616e223b733a353a2261646d696e223b733a383a22734d61744b686175223b733a34303a2237313130656461346430396530363261613565346133393062306135373261633064326330323230223b733a31313a22464b5f694d61517579656e223b733a313a2231223b733a393a227354656e517579656e223b733a31363a225472c6b0e1bb9f6e67207068c3b26e67223b7d),
('2ed2bc7ce4ab63d685947310bcbcd7126eb44eb6', '118.70.222.158', 1489565665, 0x5f5f63695f6c6173745f726567656e65726174657c693a313438393536353536353b64657468697c613a31313a7b733a383a22504b5f734d614342223b733a353a2243425f3031223b733a363a227354656e4342223b733a31383a225068c3b26e67206b68e1baa36f207468c3ad223b733a393a22734e67617953696e68223b733a31303a2264642f6d6d2f79797979223b733a393a227347696f6954696e68223b733a333a224e616d223b733a373a2273446961436869223b733a393a2248c3a0204ee1bb9969223b733a363a2273456d61696c223b733a32323a2270686f6e676b68616f74686940676d61696c2e636f6d223b733a343a2273534454223b733a31313a223031323334353637383939223b733a393a22735461694b686f616e223b733a353a2261646d696e223b733a383a22734d61744b686175223b733a34303a2237313130656461346430396530363261613565346133393062306135373261633064326330323230223b733a31313a22464b5f694d61517579656e223b733a313a2231223b733a393a227354656e517579656e223b733a31363a225472c6b0e1bb9f6e67207068c3b26e67223b7d),
('02fea37361c770129e7456cbd6ee06e44d821221', '118.70.222.158', 1489566171, 0x5f5f63695f6c6173745f726567656e65726174657c693a313438393536353837323b64657468697c613a31313a7b733a383a22504b5f734d614342223b733a353a2243425f3031223b733a363a227354656e4342223b733a31383a225068c3b26e67206b68e1baa36f207468c3ad223b733a393a22734e67617953696e68223b733a31303a2264642f6d6d2f79797979223b733a393a227347696f6954696e68223b733a333a224e616d223b733a373a2273446961436869223b733a393a2248c3a0204ee1bb9969223b733a363a2273456d61696c223b733a32323a2270686f6e676b68616f74686940676d61696c2e636f6d223b733a343a2273534454223b733a31313a223031323334353637383939223b733a393a22735461694b686f616e223b733a353a2261646d696e223b733a383a22734d61744b686175223b733a34303a2237313130656461346430396530363261613565346133393062306135373261633064326330323230223b733a31313a22464b5f694d61517579656e223b733a313a2231223b733a393a227354656e517579656e223b733a31363a225472c6b0e1bb9f6e67207068c3b26e67223b7d),
('be45356e5cdb13f073bc70049de5d6563fbf876c', '118.70.222.158', 1489566360, 0x5f5f63695f6c6173745f726567656e65726174657c693a313438393536363233353b64657468697c613a31313a7b733a383a22504b5f734d614342223b733a353a2243425f3031223b733a363a227354656e4342223b733a31383a225068c3b26e67206b68e1baa36f207468c3ad223b733a393a22734e67617953696e68223b733a31303a2264642f6d6d2f79797979223b733a393a227347696f6954696e68223b733a333a224e616d223b733a373a2273446961436869223b733a393a2248c3a0204ee1bb9969223b733a363a2273456d61696c223b733a32323a2270686f6e676b68616f74686940676d61696c2e636f6d223b733a343a2273534454223b733a31313a223031323334353637383939223b733a393a22735461694b686f616e223b733a353a2261646d696e223b733a383a22734d61744b686175223b733a34303a2237313130656461346430396530363261613565346133393062306135373261633064326330323230223b733a31313a22464b5f694d61517579656e223b733a313a2231223b733a393a227354656e517579656e223b733a31363a225472c6b0e1bb9f6e67207068c3b26e67223b7d),
('38abaedc301594a8d09fca96148fb313abcff6f8', '118.70.222.158', 1489567624, 0x5f5f63695f6c6173745f726567656e65726174657c693a313438393536373333323b64657468697c613a31313a7b733a383a22504b5f734d614342223b733a353a2243425f3031223b733a363a227354656e4342223b733a31383a225068c3b26e67206b68e1baa36f207468c3ad223b733a393a22734e67617953696e68223b733a31303a2264642f6d6d2f79797979223b733a393a227347696f6954696e68223b733a333a224e616d223b733a373a2273446961436869223b733a393a2248c3a0204ee1bb9969223b733a363a2273456d61696c223b733a32323a2270686f6e676b68616f74686940676d61696c2e636f6d223b733a343a2273534454223b733a31313a223031323334353637383939223b733a393a22735461694b686f616e223b733a353a2261646d696e223b733a383a22734d61744b686175223b733a34303a2237313130656461346430396530363261613565346133393062306135373261633064326330323230223b733a31313a22464b5f694d61517579656e223b733a313a2231223b733a393a227354656e517579656e223b733a31363a225472c6b0e1bb9f6e67207068c3b26e67223b7d),
('eeef01c824b7a882b2b6858295d07c357ead279d', '118.70.222.158', 1489567945, 0x5f5f63695f6c6173745f726567656e65726174657c693a313438393536373635303b64657468697c613a31313a7b733a383a22504b5f734d614342223b733a353a2243425f3031223b733a363a227354656e4342223b733a31383a225068c3b26e67206b68e1baa36f207468c3ad223b733a393a22734e67617953696e68223b733a31303a2264642f6d6d2f79797979223b733a393a227347696f6954696e68223b733a333a224e616d223b733a373a2273446961436869223b733a393a2248c3a0204ee1bb9969223b733a363a2273456d61696c223b733a32323a2270686f6e676b68616f74686940676d61696c2e636f6d223b733a343a2273534454223b733a31313a223031323334353637383939223b733a393a22735461694b686f616e223b733a353a2261646d696e223b733a383a22734d61744b686175223b733a34303a2237313130656461346430396530363261613565346133393062306135373261633064326330323230223b733a31313a22464b5f694d61517579656e223b733a313a2231223b733a393a227354656e517579656e223b733a31363a225472c6b0e1bb9f6e67207068c3b26e67223b7d),
('6121c4c1a8faebd3ba9aba683b26fafac1f8a580', '118.70.222.158', 1489568138, 0x5f5f63695f6c6173745f726567656e65726174657c693a313438393536373935323b64657468697c613a31313a7b733a383a22504b5f734d614342223b733a353a2243425f3031223b733a363a227354656e4342223b733a31383a225068c3b26e67206b68e1baa36f207468c3ad223b733a393a22734e67617953696e68223b733a31303a2264642f6d6d2f79797979223b733a393a227347696f6954696e68223b733a333a224e616d223b733a373a2273446961436869223b733a393a2248c3a0204ee1bb9969223b733a363a2273456d61696c223b733a32323a2270686f6e676b68616f74686940676d61696c2e636f6d223b733a343a2273534454223b733a31313a223031323334353637383939223b733a393a22735461694b686f616e223b733a353a2261646d696e223b733a383a22734d61744b686175223b733a34303a2237313130656461346430396530363261613565346133393062306135373261633064326330323230223b733a31313a22464b5f694d61517579656e223b733a313a2231223b733a393a227354656e517579656e223b733a31363a225472c6b0e1bb9f6e67207068c3b26e67223b7d),
('a4b04e53a76fd886eb362de6a1806a8fabe193b0', '118.70.222.158', 1489569655, 0x5f5f63695f6c6173745f726567656e65726174657c693a313438393536393537383b64657468697c613a31313a7b733a383a22504b5f734d614342223b733a353a2243425f3031223b733a363a227354656e4342223b733a31383a225068c3b26e67206b68e1baa36f207468c3ad223b733a393a22734e67617953696e68223b733a31303a2264642f6d6d2f79797979223b733a393a227347696f6954696e68223b733a333a224e616d223b733a373a2273446961436869223b733a393a2248c3a0204ee1bb9969223b733a363a2273456d61696c223b733a32323a2270686f6e676b68616f74686940676d61696c2e636f6d223b733a343a2273534454223b733a31313a223031323334353637383939223b733a393a22735461694b686f616e223b733a353a2261646d696e223b733a383a22734d61744b686175223b733a34303a2237313130656461346430396530363261613565346133393062306135373261633064326330323230223b733a31313a22464b5f694d61517579656e223b733a313a2231223b733a393a227354656e517579656e223b733a31363a225472c6b0e1bb9f6e67207068c3b26e67223b7d),
('7873fae08796a089f5d8f522a1401259d9e535b5', '113.190.40.190', 1489627818, 0x5f5f63695f6c6173745f726567656e65726174657c693a313438393632373730313b64657468697c613a31313a7b733a383a22504b5f734d614342223b733a353a2243425f3031223b733a363a227354656e4342223b733a31383a225068c3b26e67206b68e1baa36f207468c3ad223b733a393a22734e67617953696e68223b733a31303a2264642f6d6d2f79797979223b733a393a227347696f6954696e68223b733a333a224e616d223b733a373a2273446961436869223b733a393a2248c3a0204ee1bb9969223b733a363a2273456d61696c223b733a32323a2270686f6e676b68616f74686940676d61696c2e636f6d223b733a343a2273534454223b733a31313a223031323334353637383939223b733a393a22735461694b686f616e223b733a353a2261646d696e223b733a383a22734d61744b686175223b733a34303a2237313130656461346430396530363261613565346133393062306135373261633064326330323230223b733a31313a22464b5f694d61517579656e223b733a313a2231223b733a393a227354656e517579656e223b733a31363a225472c6b0e1bb9f6e67207068c3b26e67223b7d),
('b38ad436d3d3a36bc16fcdd011fcef12b35e2b62', '113.190.40.190', 1489975517, 0x5f5f63695f6c6173745f726567656e65726174657c693a313438393937353437343b64657468697c613a31313a7b733a383a22504b5f734d614342223b733a353a2243425f3031223b733a363a227354656e4342223b733a31383a225068c3b26e67206b68e1baa36f207468c3ad223b733a393a22734e67617953696e68223b733a31303a2264642f6d6d2f79797979223b733a393a227347696f6954696e68223b733a333a224e616d223b733a373a2273446961436869223b733a393a2248c3a0204ee1bb9969223b733a363a2273456d61696c223b733a32323a2270686f6e676b68616f74686940676d61696c2e636f6d223b733a343a2273534454223b733a31313a223031323334353637383939223b733a393a22735461694b686f616e223b733a353a2261646d696e223b733a383a22734d61744b686175223b733a34303a2237313130656461346430396530363261613565346133393062306135373261633064326330323230223b733a31313a22464b5f694d61517579656e223b733a313a2231223b733a393a227354656e517579656e223b733a31363a225472c6b0e1bb9f6e67207068c3b26e67223b7d),
('ef28fd70d0eb9645eec2bf4da6ec184c940cce3b', '113.190.40.190', 1489976489, 0x5f5f63695f6c6173745f726567656e65726174657c693a313438393937363438323b64657468697c613a31313a7b733a383a22504b5f734d614342223b733a353a2243425f3031223b733a363a227354656e4342223b733a31383a225068c3b26e67206b68e1baa36f207468c3ad223b733a393a22734e67617953696e68223b733a31303a2264642f6d6d2f79797979223b733a393a227347696f6954696e68223b733a333a224e616d223b733a373a2273446961436869223b733a393a2248c3a0204ee1bb9969223b733a363a2273456d61696c223b733a32323a2270686f6e676b68616f74686940676d61696c2e636f6d223b733a343a2273534454223b733a31313a223031323334353637383939223b733a393a22735461694b686f616e223b733a353a2261646d696e223b733a383a22734d61744b686175223b733a34303a2237313130656461346430396530363261613565346133393062306135373261633064326330323230223b733a31313a22464b5f694d61517579656e223b733a313a2231223b733a393a227354656e517579656e223b733a31363a225472c6b0e1bb9f6e67207068c3b26e67223b7d),
('78e8c86dff26128a7b0f83e04974f8cfcf38dce8', '113.190.40.190', 1489977633, 0x5f5f63695f6c6173745f726567656e65726174657c693a313438393937373338373b64657468697c613a31313a7b733a383a22504b5f734d614342223b733a353a2243425f3031223b733a363a227354656e4342223b733a31383a225068c3b26e67206b68e1baa36f207468c3ad223b733a393a22734e67617953696e68223b733a31303a2264642f6d6d2f79797979223b733a393a227347696f6954696e68223b733a333a224e616d223b733a373a2273446961436869223b733a393a2248c3a0204ee1bb9969223b733a363a2273456d61696c223b733a32323a2270686f6e676b68616f74686940676d61696c2e636f6d223b733a343a2273534454223b733a31313a223031323334353637383939223b733a393a22735461694b686f616e223b733a353a2261646d696e223b733a383a22734d61744b686175223b733a34303a2237313130656461346430396530363261613565346133393062306135373261633064326330323230223b733a31313a22464b5f694d61517579656e223b733a313a2231223b733a393a227354656e517579656e223b733a31363a225472c6b0e1bb9f6e67207068c3b26e67223b7d),
('90bafadce15a2a2559c8b4cfeea54781b40d80e8', '113.190.40.190', 1489979361, 0x5f5f63695f6c6173745f726567656e65726174657c693a313438393937393239393b64657468697c613a31313a7b733a383a22504b5f734d614342223b733a353a2243425f3031223b733a363a227354656e4342223b733a31383a225068c3b26e67206b68e1baa36f207468c3ad223b733a393a22734e67617953696e68223b733a31303a2264642f6d6d2f79797979223b733a393a227347696f6954696e68223b733a333a224e616d223b733a373a2273446961436869223b733a393a2248c3a0204ee1bb9969223b733a363a2273456d61696c223b733a32323a2270686f6e676b68616f74686940676d61696c2e636f6d223b733a343a2273534454223b733a31313a223031323334353637383939223b733a393a22735461694b686f616e223b733a353a2261646d696e223b733a383a22734d61744b686175223b733a34303a2237313130656461346430396530363261613565346133393062306135373261633064326330323230223b733a31313a22464b5f694d61517579656e223b733a313a2231223b733a393a227354656e517579656e223b733a31363a225472c6b0e1bb9f6e67207068c3b26e67223b7d),
('b94b2d75062c66f6ab146c9531432e1ab2fc86f2', '118.70.222.158', 1489997842, 0x5f5f63695f6c6173745f726567656e65726174657c693a313438393939373834323b),
('a948d321928a1486320a3aa9ab15502029cd1b8b', '118.70.222.158', 1489997843, 0x5f5f63695f6c6173745f726567656e65726174657c693a313438393939373834333b),
('d3d5c2985e98c10a37eeda7fee324a2217596ad4', '113.190.40.190', 1490003310, 0x5f5f63695f6c6173745f726567656e65726174657c693a313439303030333331303b),
('98f46af8a2810e48a2c920015c7c06a945874748', '113.190.40.190', 1490144869, 0x5f5f63695f6c6173745f726567656e65726174657c693a313439303134343639303b64657468697c613a31313a7b733a383a22504b5f734d614342223b733a353a2243425f3031223b733a363a227354656e4342223b733a31383a225068c3b26e67206b68e1baa36f207468c3ad223b733a393a22734e67617953696e68223b733a31303a2264642f6d6d2f79797979223b733a393a227347696f6954696e68223b733a333a224e616d223b733a373a2273446961436869223b733a393a2248c3a0204ee1bb9969223b733a363a2273456d61696c223b733a32323a2270686f6e676b68616f74686940676d61696c2e636f6d223b733a343a2273534454223b733a31313a223031323334353637383939223b733a393a22735461694b686f616e223b733a353a2261646d696e223b733a383a22734d61744b686175223b733a34303a2237313130656461346430396530363261613565346133393062306135373261633064326330323230223b733a31313a22464b5f694d61517579656e223b733a313a2231223b733a393a227354656e517579656e223b733a31363a225472c6b0e1bb9f6e67207068c3b26e67223b7d),
('26224368d580f9a648a983b17694c49ff162d740', '113.190.40.190', 1490145001, 0x5f5f63695f6c6173745f726567656e65726174657c693a313439303134353030313b64657468697c613a31313a7b733a383a22504b5f734d614342223b733a353a2243425f3031223b733a363a227354656e4342223b733a31383a225068c3b26e67206b68e1baa36f207468c3ad223b733a393a22734e67617953696e68223b733a31303a2264642f6d6d2f79797979223b733a393a227347696f6954696e68223b733a333a224e616d223b733a373a2273446961436869223b733a393a2248c3a0204ee1bb9969223b733a363a2273456d61696c223b733a32323a2270686f6e676b68616f74686940676d61696c2e636f6d223b733a343a2273534454223b733a31313a223031323334353637383939223b733a393a22735461694b686f616e223b733a353a2261646d696e223b733a383a22734d61744b686175223b733a34303a2237313130656461346430396530363261613565346133393062306135373261633064326330323230223b733a31313a22464b5f694d61517579656e223b733a313a2231223b733a393a227354656e517579656e223b733a31363a225472c6b0e1bb9f6e67207068c3b26e67223b7d),
('5fcf13a69f704d28f6152a615517c0ccb38f38f1', '113.190.40.190', 1490147199, 0x5f5f63695f6c6173745f726567656e65726174657c693a313439303134363930373b64657468697c613a31313a7b733a383a22504b5f734d614342223b733a353a2243425f3031223b733a363a227354656e4342223b733a31383a225068c3b26e67206b68e1baa36f207468c3ad223b733a393a22734e67617953696e68223b733a31303a2264642f6d6d2f79797979223b733a393a227347696f6954696e68223b733a333a224e616d223b733a373a2273446961436869223b733a393a2248c3a0204ee1bb9969223b733a363a2273456d61696c223b733a32323a2270686f6e676b68616f74686940676d61696c2e636f6d223b733a343a2273534454223b733a31313a223031323334353637383939223b733a393a22735461694b686f616e223b733a353a2261646d696e223b733a383a22734d61744b686175223b733a34303a2237313130656461346430396530363261613565346133393062306135373261633064326330323230223b733a31313a22464b5f694d61517579656e223b733a313a2231223b733a393a227354656e517579656e223b733a31363a225472c6b0e1bb9f6e67207068c3b26e67223b7d),
('d06cde92fe400b6dd498d465d82a6809953489a0', '113.190.40.190', 1490147269, 0x5f5f63695f6c6173745f726567656e65726174657c693a313439303134373232363b64657468697c613a31313a7b733a383a22504b5f734d614342223b733a353a2243425f3031223b733a363a227354656e4342223b733a31383a225068c3b26e67206b68e1baa36f207468c3ad223b733a393a22734e67617953696e68223b733a31303a2264642f6d6d2f79797979223b733a393a227347696f6954696e68223b733a333a224e616d223b733a373a2273446961436869223b733a393a2248c3a0204ee1bb9969223b733a363a2273456d61696c223b733a32323a2270686f6e676b68616f74686940676d61696c2e636f6d223b733a343a2273534454223b733a31313a223031323334353637383939223b733a393a22735461694b686f616e223b733a353a2261646d696e223b733a383a22734d61744b686175223b733a34303a2237313130656461346430396530363261613565346133393062306135373261633064326330323230223b733a31313a22464b5f694d61517579656e223b733a313a2231223b733a393a227354656e517579656e223b733a31363a225472c6b0e1bb9f6e67207068c3b26e67223b7d),
('ce2d96d49cdcbdff1c3236a33801cabd42806124', '113.190.40.190', 1490147709, 0x5f5f63695f6c6173745f726567656e65726174657c693a313439303134373730393b64657468697c613a31313a7b733a383a22504b5f734d614342223b733a353a2243425f3031223b733a363a227354656e4342223b733a31383a225068c3b26e67206b68e1baa36f207468c3ad223b733a393a22734e67617953696e68223b733a31303a2264642f6d6d2f79797979223b733a393a227347696f6954696e68223b733a333a224e616d223b733a373a2273446961436869223b733a393a2248c3a0204ee1bb9969223b733a363a2273456d61696c223b733a32323a2270686f6e676b68616f74686940676d61696c2e636f6d223b733a343a2273534454223b733a31313a223031323334353637383939223b733a393a22735461694b686f616e223b733a353a2261646d696e223b733a383a22734d61744b686175223b733a34303a2237313130656461346430396530363261613565346133393062306135373261633064326330323230223b733a31313a22464b5f694d61517579656e223b733a313a2231223b733a393a227354656e517579656e223b733a31363a225472c6b0e1bb9f6e67207068c3b26e67223b7d),
('9cb2576a1d538e50f725319f007325e2edc0329c', '113.190.40.190', 1490148879, 0x5f5f63695f6c6173745f726567656e65726174657c693a313439303134383633383b64657468697c613a31313a7b733a383a22504b5f734d614342223b733a353a2243425f3031223b733a363a227354656e4342223b733a31383a225068c3b26e67206b68e1baa36f207468c3ad223b733a393a22734e67617953696e68223b733a31303a2264642f6d6d2f79797979223b733a393a227347696f6954696e68223b733a333a224e616d223b733a373a2273446961436869223b733a393a2248c3a0204ee1bb9969223b733a363a2273456d61696c223b733a32323a2270686f6e676b68616f74686940676d61696c2e636f6d223b733a343a2273534454223b733a31313a223031323334353637383939223b733a393a22735461694b686f616e223b733a353a2261646d696e223b733a383a22734d61744b686175223b733a34303a2237313130656461346430396530363261613565346133393062306135373261633064326330323230223b733a31313a22464b5f694d61517579656e223b733a313a2231223b733a393a227354656e517579656e223b733a31363a225472c6b0e1bb9f6e67207068c3b26e67223b7d),
('3ad22f78d4859f5d491f6c53ab4ebf9298d0d635', '113.190.40.190', 1490149079, 0x5f5f63695f6c6173745f726567656e65726174657c693a313439303134383934373b64657468697c613a31313a7b733a383a22504b5f734d614342223b733a353a2243425f3031223b733a363a227354656e4342223b733a31383a225068c3b26e67206b68e1baa36f207468c3ad223b733a393a22734e67617953696e68223b733a31303a2264642f6d6d2f79797979223b733a393a227347696f6954696e68223b733a333a224e616d223b733a373a2273446961436869223b733a393a2248c3a0204ee1bb9969223b733a363a2273456d61696c223b733a32323a2270686f6e676b68616f74686940676d61696c2e636f6d223b733a343a2273534454223b733a31313a223031323334353637383939223b733a393a22735461694b686f616e223b733a353a2261646d696e223b733a383a22734d61744b686175223b733a34303a2237313130656461346430396530363261613565346133393062306135373261633064326330323230223b733a31313a22464b5f694d61517579656e223b733a313a2231223b733a393a227354656e517579656e223b733a31363a225472c6b0e1bb9f6e67207068c3b26e67223b7d),
('1cfac473f8b0fe7815ac6dbeef8a78727db70875', '113.190.40.190', 1490150301, 0x5f5f63695f6c6173745f726567656e65726174657c693a313439303135303137393b64657468697c613a31313a7b733a383a22504b5f734d614342223b733a353a2243425f3031223b733a363a227354656e4342223b733a31383a225068c3b26e67206b68e1baa36f207468c3ad223b733a393a22734e67617953696e68223b733a31303a2264642f6d6d2f79797979223b733a393a227347696f6954696e68223b733a333a224e616d223b733a373a2273446961436869223b733a393a2248c3a0204ee1bb9969223b733a363a2273456d61696c223b733a32323a2270686f6e676b68616f74686940676d61696c2e636f6d223b733a343a2273534454223b733a31313a223031323334353637383939223b733a393a22735461694b686f616e223b733a353a2261646d696e223b733a383a22734d61744b686175223b733a34303a2237313130656461346430396530363261613565346133393062306135373261633064326330323230223b733a31313a22464b5f694d61517579656e223b733a313a2231223b733a393a227354656e517579656e223b733a31363a225472c6b0e1bb9f6e67207068c3b26e67223b7d),
('6d38fa7d411362aded9131d17877708dcce4e90f', '113.190.40.190', 1490150829, 0x5f5f63695f6c6173745f726567656e65726174657c693a313439303135303732393b64657468697c613a31313a7b733a383a22504b5f734d614342223b733a353a2243425f3031223b733a363a227354656e4342223b733a31383a225068c3b26e67206b68e1baa36f207468c3ad223b733a393a22734e67617953696e68223b733a31303a2264642f6d6d2f79797979223b733a393a227347696f6954696e68223b733a333a224e616d223b733a373a2273446961436869223b733a393a2248c3a0204ee1bb9969223b733a363a2273456d61696c223b733a32323a2270686f6e676b68616f74686940676d61696c2e636f6d223b733a343a2273534454223b733a31313a223031323334353637383939223b733a393a22735461694b686f616e223b733a353a2261646d696e223b733a383a22734d61744b686175223b733a34303a2237313130656461346430396530363261613565346133393062306135373261633064326330323230223b733a31313a22464b5f694d61517579656e223b733a313a2231223b733a393a227354656e517579656e223b733a31363a225472c6b0e1bb9f6e67207068c3b26e67223b7d),
('117c31fd9f1668951beb6a0185c1447350ecc04b', '113.190.40.190', 1490152460, 0x5f5f63695f6c6173745f726567656e65726174657c693a313439303135323430353b64657468697c613a31313a7b733a383a22504b5f734d614342223b733a353a2243425f3031223b733a363a227354656e4342223b733a31383a225068c3b26e67206b68e1baa36f207468c3ad223b733a393a22734e67617953696e68223b733a31303a2264642f6d6d2f79797979223b733a393a227347696f6954696e68223b733a333a224e616d223b733a373a2273446961436869223b733a393a2248c3a0204ee1bb9969223b733a363a2273456d61696c223b733a32323a2270686f6e676b68616f74686940676d61696c2e636f6d223b733a343a2273534454223b733a31313a223031323334353637383939223b733a393a22735461694b686f616e223b733a353a2261646d696e223b733a383a22734d61744b686175223b733a34303a2237313130656461346430396530363261613565346133393062306135373261633064326330323230223b733a31313a22464b5f694d61517579656e223b733a313a2231223b733a393a227354656e517579656e223b733a31363a225472c6b0e1bb9f6e67207068c3b26e67223b7d),
('f7360089dd5541c8fbea5c02b5fa94e07b1fdaac', '113.190.40.190', 1490152983, 0x5f5f63695f6c6173745f726567656e65726174657c693a313439303135323733333b64657468697c613a31313a7b733a383a22504b5f734d614342223b733a353a2243425f3031223b733a363a227354656e4342223b733a31383a225068c3b26e67206b68e1baa36f207468c3ad223b733a393a22734e67617953696e68223b733a31303a2264642f6d6d2f79797979223b733a393a227347696f6954696e68223b733a333a224e616d223b733a373a2273446961436869223b733a393a2248c3a0204ee1bb9969223b733a363a2273456d61696c223b733a32323a2270686f6e676b68616f74686940676d61696c2e636f6d223b733a343a2273534454223b733a31313a223031323334353637383939223b733a393a22735461694b686f616e223b733a353a2261646d696e223b733a383a22734d61744b686175223b733a34303a2237313130656461346430396530363261613565346133393062306135373261633064326330323230223b733a31313a22464b5f694d61517579656e223b733a313a2231223b733a393a227354656e517579656e223b733a31363a225472c6b0e1bb9f6e67207068c3b26e67223b7d),
('024a43dcda1c3b47e054e7dd6fcdf363d7bc9c0d', '113.190.40.190', 1490153334, 0x5f5f63695f6c6173745f726567656e65726174657c693a313439303135333038343b64657468697c613a31313a7b733a383a22504b5f734d614342223b733a353a2243425f3031223b733a363a227354656e4342223b733a31383a225068c3b26e67206b68e1baa36f207468c3ad223b733a393a22734e67617953696e68223b733a31303a2264642f6d6d2f79797979223b733a393a227347696f6954696e68223b733a333a224e616d223b733a373a2273446961436869223b733a393a2248c3a0204ee1bb9969223b733a363a2273456d61696c223b733a32323a2270686f6e676b68616f74686940676d61696c2e636f6d223b733a343a2273534454223b733a31313a223031323334353637383939223b733a393a22735461694b686f616e223b733a353a2261646d696e223b733a383a22734d61744b686175223b733a34303a2237313130656461346430396530363261613565346133393062306135373261633064326330323230223b733a31313a22464b5f694d61517579656e223b733a313a2231223b733a393a227354656e517579656e223b733a31363a225472c6b0e1bb9f6e67207068c3b26e67223b7d),
('c69f34b0fda468ac9e5906203e5e356de6b47b08', '113.190.40.190', 1490320807, 0x5f5f63695f6c6173745f726567656e65726174657c693a313439303332303739303b64657468697c613a31313a7b733a383a22504b5f734d614342223b733a353a2243425f3031223b733a363a227354656e4342223b733a31383a225068c3b26e67206b68e1baa36f207468c3ad223b733a393a22734e67617953696e68223b733a31303a2264642f6d6d2f79797979223b733a393a227347696f6954696e68223b733a333a224e616d223b733a373a2273446961436869223b733a393a2248c3a0204ee1bb9969223b733a363a2273456d61696c223b733a32323a2270686f6e676b68616f74686940676d61696c2e636f6d223b733a343a2273534454223b733a31313a223031323334353637383939223b733a393a22735461694b686f616e223b733a353a2261646d696e223b733a383a22734d61744b686175223b733a34303a2237313130656461346430396530363261613565346133393062306135373261633064326330323230223b733a31313a22464b5f694d61517579656e223b733a313a2231223b733a393a227354656e517579656e223b733a31363a225472c6b0e1bb9f6e67207068c3b26e67223b7d),
('e1ec6b8c7eec260a7104fb061fe3d7a8be898780', '113.190.40.190', 1490342871, 0x5f5f63695f6c6173745f726567656e65726174657c693a313439303334323636333b64657468697c613a31313a7b733a383a22504b5f734d614342223b733a353a2243425f3031223b733a363a227354656e4342223b733a31383a225068c3b26e67206b68e1baa36f207468c3ad223b733a393a22734e67617953696e68223b733a31303a2264642f6d6d2f79797979223b733a393a227347696f6954696e68223b733a333a224e616d223b733a373a2273446961436869223b733a393a2248c3a0204ee1bb9969223b733a363a2273456d61696c223b733a32323a2270686f6e676b68616f74686940676d61696c2e636f6d223b733a343a2273534454223b733a31313a223031323334353637383939223b733a393a22735461694b686f616e223b733a353a2261646d696e223b733a383a22734d61744b686175223b733a34303a2237313130656461346430396530363261613565346133393062306135373261633064326330323230223b733a31313a22464b5f694d61517579656e223b733a313a2231223b733a393a227354656e517579656e223b733a31363a225472c6b0e1bb9f6e67207068c3b26e67223b7d);

-- --------------------------------------------------------

--
-- Table structure for table `dm_chucnang`
--

CREATE TABLE IF NOT EXISTS `dm_chucnang` (
  `PK_iMaChucnang` varchar(30) COLLATE utf8_unicode_ci NOT NULL,
  `sRoute` varchar(300) COLLATE utf8_unicode_ci NOT NULL,
  `sTenChucnang` varchar(300) COLLATE utf8_unicode_ci NOT NULL,
  PRIMARY KEY (`PK_iMaChucnang`)
) ENGINE=InnoDB DEFAULT CHARSET=utf8 COLLATE=utf8_unicode_ci;

--
-- Dumping data for table `dm_chucnang`
--

INSERT INTO `dm_chucnang` (`PK_iMaChucnang`, `sRoute`, `sTenChucnang`) VALUES
('CN01', 'canbo', 'DM cn b'),
('CN02', 'doimatkhau', 'i mt khu'),
('CN03', 'monhoc', 'Thm mn hc'),
('CN04', 'diadiem', 'Thm a im'),
('CN05', 'nganh', 'Danh mc ngnh'),
('CN06', 'khoa', 'danh mc khoa'),
('CN07', 'themcanbo', 'thm cn b'),
('CN08', 'welcome.html', 'welcome'),
('CN09', 'dethi', ' thi'),
('CN10', 'dsdethi', 'danh sch  thi'),
('CN11', 'chuongtrinhdaotao', 'chng trnh o to'),
('CN12', 'tochucthi', 't chc thi'),
('CN13', 'soluongdedonvi', 's lng  n v'),
('CN14', 'baocaotonghop', 'bo co tng hp'),
('CN15', 'bienbanchonde', 'bin bn chn '),
('CN16', 'daotaotuxa', 'bin bn chn  o to t xa'),
('CN17', 'bangiaodethi', 'bin bn bn giao  thi'),
('CN18', 'doimatkhau', 'i mt khu'),
('CN19', 'bienbangiaodethi', 'bin bn bn giao  thi'),
('CN20', 'bienbangiaodethi', 'Bin bn giao  thi\r\n'),
('CN21', 'trinhdo', 'Trnh  o to');

-- --------------------------------------------------------

--
-- Table structure for table `tbl_bienbangiaodethi`
--

CREATE TABLE IF NOT EXISTS `tbl_bienbangiaodethi` (
  `PK_iMaBienban` varchar(200) COLLATE utf8_unicode_ci NOT NULL,
  `tGio` varchar(200) COLLATE utf8_unicode_ci NOT NULL,
  `tNgay` varchar(200) COLLATE utf8_unicode_ci NOT NULL,
  `tThang` varchar(200) COLLATE utf8_unicode_ci NOT NULL,
  `tNam` varchar(200) COLLATE utf8_unicode_ci NOT NULL,
  `sDiadiem` text COLLATE utf8_unicode_ci,
  `sBengiao` text COLLATE utf8_unicode_ci NOT NULL,
  `sBennhan` text COLLATE utf8_unicode_ci NOT NULL,
  PRIMARY KEY (`PK_iMaBienban`)
) ENGINE=InnoDB DEFAULT CHARSET=utf8 COLLATE=utf8_unicode_ci;

-- --------------------------------------------------------

--
-- Table structure for table `tbl_canbo`
--

CREATE TABLE IF NOT EXISTS `tbl_canbo` (
  `PK_sMaCB` varchar(10) COLLATE utf8_unicode_ci NOT NULL,
  `sTenCB` varchar(30) COLLATE utf8_unicode_ci NOT NULL,
  `sNgaySinh` varchar(15) COLLATE utf8_unicode_ci NOT NULL,
  `sGioiTinh` varchar(3) COLLATE utf8_unicode_ci NOT NULL,
  `sDiaChi` varchar(50) COLLATE utf8_unicode_ci NOT NULL,
  `sEmail` varchar(30) COLLATE utf8_unicode_ci NOT NULL,
  `sSDT` varchar(15) COLLATE utf8_unicode_ci NOT NULL,
  `sTaiKhoan` varchar(30) COLLATE utf8_unicode_ci NOT NULL,
  `sMatKhau` varchar(50) COLLATE utf8_unicode_ci NOT NULL,
  `FK_iMaQuyen` int(11) NOT NULL,
  PRIMARY KEY (`PK_sMaCB`),
  KEY `FK_iMaQuyen` (`FK_iMaQuyen`)
) ENGINE=InnoDB DEFAULT CHARSET=utf8 COLLATE=utf8_unicode_ci;

--
-- Dumping data for table `tbl_canbo`
--

INSERT INTO `tbl_canbo` (`PK_sMaCB`, `sTenCB`, `sNgaySinh`, `sGioiTinh`, `sDiaChi`, `sEmail`, `sSDT`, `sTaiKhoan`, `sMatKhau`, `FK_iMaQuyen`) VALUES
('CB_01', 'Phng kho th', 'dd/mm/yyyy', 'Nam', 'H Ni', 'phongkhaothi@gmail.com', '01234567899', 'admin', '7110eda4d09e062aa5e4a390b0a572ac0d2c0220', 1);

-- --------------------------------------------------------

--
-- Table structure for table `tbl_chucnang_quyen`
--

CREATE TABLE IF NOT EXISTS `tbl_chucnang_quyen` (
  `PK_iMaChucnang` varchar(30) COLLATE utf8_unicode_ci NOT NULL,
  `PK_iMaQuyen` int(11) NOT NULL,
  PRIMARY KEY (`PK_iMaChucnang`,`PK_iMaQuyen`)
) ENGINE=InnoDB DEFAULT CHARSET=utf8 COLLATE=utf8_unicode_ci;

--
-- Dumping data for table `tbl_chucnang_quyen`
--

INSERT INTO `tbl_chucnang_quyen` (`PK_iMaChucnang`, `PK_iMaQuyen`) VALUES
('CN01', 1),
('CN02', 1),
('CN03', 1),
('CN04', 1),
('CN05', 1),
('CN06', 1),
('CN07', 1),
('CN08', 1),
('CN08', 2),
('CN09', 1),
('CN09', 2),
('CN10', 1),
('CN10', 2),
('CN11', 1),
('CN11', 2),
('CN12', 1),
('CN12', 2),
('CN13', 1),
('CN13', 2),
('CN14', 1),
('CN14', 2),
('CN15', 1),
('CN15', 2),
('CN16', 1),
('CN16', 2),
('CN17', 1),
('CN17', 2),
('CN18', 1),
('CN18', 2),
('CN19', 1),
('CN19', 2),
('CN20', 1),
('CN20', 2),
('CN21', 1);

-- --------------------------------------------------------

--
-- Table structure for table `tbl_ctdt`
--

CREATE TABLE IF NOT EXISTS `tbl_ctdt` (
  `PK_iMaCTDT` int(11) NOT NULL AUTO_INCREMENT,
  `FK_iMaDonvi` int(11) DEFAULT NULL,
  `FK_iMaNganh` int(11) NOT NULL,
  `FK_iMaHe` varchar(10) COLLATE utf8_unicode_ci NOT NULL,
  `iNam` int(11) DEFAULT NULL,
  `FK_iMaTrinhdo` int(11) DEFAULT NULL,
  PRIMARY KEY (`PK_iMaCTDT`),
  KEY `FK_iMaHe` (`FK_iMaHe`),
  KEY `FK_iMaNganh` (`FK_iMaNganh`),
  KEY `fk_trinhdo_1` (`FK_iMaTrinhdo`)
) ENGINE=InnoDB  DEFAULT CHARSET=utf8 COLLATE=utf8_unicode_ci AUTO_INCREMENT=45 ;

--
-- Dumping data for table `tbl_ctdt`
--

INSERT INTO `tbl_ctdt` (`PK_iMaCTDT`, `FK_iMaDonvi`, `FK_iMaNganh`, `FK_iMaHe`, `iNam`, `FK_iMaTrinhdo`) VALUES
(44, 31, 20, 'CQ', 2017, 1);

-- --------------------------------------------------------

--
-- Table structure for table `tbl_dethi`
--

CREATE TABLE IF NOT EXISTS `tbl_dethi` (
  `PK_sMaDT` varchar(10) COLLATE utf8_unicode_ci NOT NULL,
  `sMaKhoaPhu` varchar(10) COLLATE utf8_unicode_ci DEFAULT NULL,
  `FK_iMaMonCTDT` int(11) NOT NULL,
  `FK_iMaTT` int(20) NOT NULL,
  `sUpLoadDe` varchar(50) COLLATE utf8_unicode_ci NOT NULL,
  `sUpLoadDA` varchar(50) COLLATE utf8_unicode_ci NOT NULL,
  `FK_sMaCB` varchar(10) COLLATE utf8_unicode_ci NOT NULL,
  `sThoiGian` varchar(20) COLLATE utf8_unicode_ci NOT NULL,
  `sNgaySuDung` varchar(200) COLLATE utf8_unicode_ci DEFAULT NULL,
  PRIMARY KEY (`PK_sMaDT`),
  KEY `FK_iMaMonCTDT` (`FK_iMaMonCTDT`),
  KEY `FK_iMaTT` (`FK_iMaTT`),
  KEY `FK_sMaCB` (`FK_sMaCB`)
) ENGINE=InnoDB DEFAULT CHARSET=utf8 COLLATE=utf8_unicode_ci;

-- --------------------------------------------------------

--
-- Table structure for table `tbl_diadiemthi`
--

CREATE TABLE IF NOT EXISTS `tbl_diadiemthi` (
  `PK_iMaDV` int(11) NOT NULL AUTO_INCREMENT,
  `sTenDV` varchar(40) COLLATE utf8_unicode_ci NOT NULL,
  `sdiadiem` varchar(50) COLLATE utf8_unicode_ci NOT NULL,
  PRIMARY KEY (`PK_iMaDV`)
) ENGINE=InnoDB  DEFAULT CHARSET=utf8 COLLATE=utf8_unicode_ci AUTO_INCREMENT=37 ;

--
-- Dumping data for table `tbl_diadiemthi`
--

INSERT INTO `tbl_diadiemthi` (`PK_iMaDV`, `sTenDV`, `sdiadiem`) VALUES
(1, 'GDTX T Lim', ' '),
(2, 'GDTX Long Bin', ' '),
(3, 'GDTX Tin Phong', ' '),
(4, 'BCB Cng thng TW', ' '),
(5, 'GDTX Vit Anh', ' '),
(6, 'GDTX Sn Ty', ' '),
(7, 'GDTX ng Anh', ' '),
(8, 'GDTX T Sn', ' '),
(9, 'GDTX Tin Du', ' '),
(10, 'GDTX Bc Ninh 2', ' '),
(11, 'GDTX Thun Thnh', ' '),
(12, 'GDTX Bc Giang', ' '),
(13, 'Qun s Ha Bnh ', ' '),
(14, 'GDTX Gia Bnh', ' '),
(15, 'GDTX Qung Ninh', ' '),
(16, 'GDTX Vit Tr', ' '),
(17, 'GDTX Sn La', ' '),
(18, 'GDTX Yn Bi', ' '),
(19, 'GDTX Bc Yn', ' '),
(20, 'GDTX Sng M', ' '),
(21, 'GDTX Ph Yn', ' '),
(22, 'Vin NC&PTNN', ' '),
(23, 'GDTX H Ty', ' '),
(24, 'GDTX Thanh Tr', ' '),
(25, 'Khoa Lut', ' '),
(26, 'GDTX Sc Sn', ' '),
(27, 'Ph Ni - Hng Yn', ' '),
(28, 'GDTX Bc Ninh 1', ' '),
(29, 'GDTX M Linh', ' '),
(30, 'Bch Khoa H Ni', ' '),
(31, 'GDTX Vn Giang', ' '),
(32, 'GDTX Vnh Phc', ' '),
(33, 'GDTX H Nam', ' '),
(34, 'GDTX Lng Ti', ' '),
(35, 'GDTX Hi Phng', ' '),
(36, 'GDTX Mc Chu', ' ');

-- --------------------------------------------------------

--
-- Table structure for table `tbl_donvi`
--

CREATE TABLE IF NOT EXISTS `tbl_donvi` (
  `PK_iMaDonvi` int(11) NOT NULL AUTO_INCREMENT,
  `sTenDonvi` varchar(500) COLLATE utf8_unicode_ci NOT NULL,
  PRIMARY KEY (`PK_iMaDonvi`)
) ENGINE=InnoDB  DEFAULT CHARSET=utf8 COLLATE=utf8_unicode_ci AUTO_INCREMENT=32 ;

--
-- Dumping data for table `tbl_donvi`
--

INSERT INTO `tbl_donvi` (`PK_iMaDonvi`, `sTenDonvi`) VALUES
(8, 'Khoa cng ngh sinh hc'),
(9, 'Khoa kin trc'),
(10, 'Khoa kinh t'),
(11, 'Khoa lut'),
(12, 'Khoa o to t xa'),
(13, 'E-Learning'),
(14, 'TT GDTX tnh Gia Lai'),
(15, 'TT GDTX th x An Kh - Gia Lai'),
(16, 'TT GDTX huyn KongChro - Gia Lai'),
(17, 'TTGDTX huyn KrongPa - Gia Lai'),
(18, 'TT GDTX tnh Tha Thin Hu'),
(19, 'TT dy ngh huyn A Li - TT - Hu'),
(20, 'TT GDTX tnh Qung Tr'),
(21, 'TT BD Chnh tr huyn Hng Ha'),
(22, 'i hc Qung Bnh'),
(23, 'TT GD ngh nghip - GDTX huyn k H - Kon Tum'),
(24, 'Trng Chnh tr tnh Lm ng'),
(25, 'TT GGTX tnh Ninh Thun'),
(26, 'Trng trung cp u Vit'),
(27, 'Trng trung cp Vn Tng'),
(28, 'Trng trung cp ngh ng Dng'),
(29, 'TT GDTX Tn c Thng'),
(30, 'Trung tm i Hc M H Ni ti  Nng'),
(31, 'Khoa T Sau i hc');

-- --------------------------------------------------------

--
-- Table structure for table `tbl_ghichu_ngaybocde`
--

CREATE TABLE IF NOT EXISTS `tbl_ghichu_ngaybocde` (
  `PK_sNgayBoc` varchar(200) COLLATE utf8_unicode_ci NOT NULL,
  `sGhiChu` text COLLATE utf8_unicode_ci NOT NULL,
  PRIMARY KEY (`PK_sNgayBoc`)
) ENGINE=InnoDB DEFAULT CHARSET=utf8 COLLATE=utf8_unicode_ci;

-- --------------------------------------------------------

--
-- Table structure for table `tbl_he`
--

CREATE TABLE IF NOT EXISTS `tbl_he` (
  `PK_iMaHe` varchar(10) COLLATE utf8_unicode_ci NOT NULL,
  `sTenHe` varchar(30) COLLATE utf8_unicode_ci NOT NULL,
  PRIMARY KEY (`PK_iMaHe`)
) ENGINE=InnoDB DEFAULT CHARSET=utf8 COLLATE=utf8_unicode_ci;

--
-- Dumping data for table `tbl_he`
--

INSERT INTO `tbl_he` (`PK_iMaHe`, `sTenHe`) VALUES
('CQ', 'Chnh Quy'),
('EL', 'E-learning'),
('LT', 'Lin thng'),
('SB', 'Song bng'),
('TX', 'T Xa'),
('TXTThong', 'T xa truyn thng'),
('TXTTuyen', 'T xa trc tuyn'),
('VB2', 'Vn bng 2'),
('VLVH', 'Va lm va hc');

-- --------------------------------------------------------

--
-- Table structure for table `tbl_mon`
--

CREATE TABLE IF NOT EXISTS `tbl_mon` (
  `PK_iMaMon` int(11) NOT NULL AUTO_INCREMENT,
  `sTenMon` varchar(400) COLLATE utf8_unicode_ci NOT NULL,
  `sTenKhac` varchar(500) COLLATE utf8_unicode_ci DEFAULT NULL,
  `sSotinchi` int(11) NOT NULL,
  PRIMARY KEY (`PK_iMaMon`)
) ENGINE=InnoDB  DEFAULT CHARSET=utf8 COLLATE=utf8_unicode_ci AUTO_INCREMENT=1735 ;

--
-- Dumping data for table `tbl_mon`
--

INSERT INTO `tbl_mon` (`PK_iMaMon`, `sTenMon`, `sTenKhac`, `sSotinchi`) VALUES
(231, 'Cc chun mc k ton VN', '', 0),
(232, 'i s tuyn tnh', '', 0),
(233, 'nh gi ti sn', '', 0),
(234, 'ng li cch mng', '', 0),
(235, 'Gii tch ', '', 0),
(236, 'K ton Cng ty', '', 0),
(237, 'K ton hnh chnh s nghip', '', 0),
(238, 'K ton DN va & nh', '', 0),
(239, 'K ton ngn hng thng mi', '', 0),
(240, 'K ton qun tr', '', 0),
(241, 'K ton ti chnh 1', '', 0),
(242, 'K ton ti chnh 2', '', 0),
(243, 'K ton ti chnh 3', '', 0),
(244, 'K ton thu', '', 0),
(245, 'Kim ton', '', 0),
(246, 'Kinh t bo him', '', 0),
(247, 'Kinh t u t', '', 0),
(248, 'Kinh t lng', '', 0),
(249, 'Kinh t mi trng', '', 0),
(250, 'Kinh t pht trin', '', 0),
(251, 'Kinh t Quc t', '', 0),
(252, 'Kinh t vi m', '', 0),
(253, 'K nng mm', '', 0),
(254, 'Kinh t v m', '', 0),
(255, 'Lch s HT KT', '', 0),
(256, 'Lut KT/ Lut Kinh doanh', '', 0),
(257, 'L thuyt TCTT', '', 0),
(258, 'L thuyt XS & TK ton', '', 0),
(259, 'Marketing', '', 0),
(260, 'Ngn hng thng mi', '', 0),
(261, 'Nguyn l CB 1', '', 0),
(262, 'Nguyn l CB 2', '', 0),
(263, 'Nguyn l k ton', '', 0),
(264, 'Nguyn l thng k', '', 0),
(265, 'Php lut i cng', '', 0),
(266, 'Phn tch bo co ti chnh', '', 0),
(267, 'Phn tch hot ng kinh doanh', '', 0),
(268, 'Qun l nh nc', '', 0),
(269, 'Qun tr CLSP', '', 0),
(270, 'Qun tr cng ngh', '', 0),
(271, 'Qun tr Chin lc', '', 0),
(272, 'An ton sinh hc', '', 0),
(273, 'Cc PP phn tch trong CNSH', '', 0),
(274, 'Cc hot cht SH t thc vt', '', 0),
(275, 'Cng ngh cc SP t rau qu', '', 0),
(276, 'Qun tr d n u t', '', 0),
(277, 'Qun tr hc - cn 3 khi dng 1( 1606)', '', 0),
(278, 'Qun tr kinh doanh', '', 0),
(279, 'Qun tr kinh doanh', '', 0),
(280, 'Qun tr kinh doanh Quc t - cha c ', '', 0),
(281, 'Qun tr nhn lc', '', 0),
(282, 'Qun tr ri ro -chi Nhung cn 2 khi dng 1  1609', '', 0),
(283, 'Qun tr Ti chnh', '', 0),
(284, 'Qun tr sn xut', '', 0),
(285, 'Son tho vn bn', '', 0),
(286, 'Cng ngh  ung ln men', '', 0),
(287, 'Ti chnh doanh nghip', '', 0),
(288, 'Cng ngh Enzym & Protein', '', 0),
(289, 'Cng ngh enzym', '', 0),
(290, 'Ti chnh tin t', '', 0),
(291, 'Tm l kinh doanh', '', 0),
(292, 'Cng ngh khng sinh', '', 0),
(293, 'Ting Anh CN Qun tr-1', '', 0),
(294, 'Cng ngh nui cy m t bo thc vt', '', 0),
(295, 'Ting Anh CN Qun tr-2 ( -V-N)', '', 0),
(296, 'Cng ngh Protein', '', 0),
(297, 'Cng ngh sa ', '', 0),
(298, 'Cng ngh x l nc thi', '', 0),
(299, 'Ting Anh CN K ton- 1', '', 0),
(300, 'Cng ngh Vacxin', '', 0),
(301, 'Ting Anh CN K ton- 2 (-V-N)', '', 0),
(302, 'Cng ngh Vi sinh vt MT', '', 0),
(303, 'Ting Anh CN QT-KT- 2 (Nghe)', '', 0),
(304, 'C ng dng', '', 0),
(305, 'Tn dng & TT QT', '', 0),
(306, 'Tin hc i cng/Tin hc CB- ht tnh n 1614', '', 0),
(307, 'Di truyn', '', 0),
(308, 'iu khin t ng', '', 0),
(309, ' ung ln men', '', 0),
(310, 'Tin hc ng dng trong QT', '', 0),
(311, 'c t vi sinh vt', '', 0),
(312, ' ng li ng CSVN', '', 0),
(313, 'Ha i cng', '', 0),
(314, 'Ha hu c', '', 0),
(315, 'Ha l', '', 0),
(316, 'Ha l - Ha keo', '', 0),
(317, 'Ha phn tch', '', 0),
(318, 'Ha sinh', '', 0),
(319, 'Ha sinh cng nghip ', '', 0),
(320, 'Hot cht t thc vt', '', 0),
(321, 'Hot cht t vi sinh vt', '', 0),
(322, 'Kim nghim dc', '', 0),
(323, 'Kim tra cht lng SP', '', 0),
(324, 'Tin hc ng dng trong KT', '', 0),
(325, 'Kinh t mi trng', '', 0),
(326, 'K thut in', '', 0),
(327, 'Ton gii tch(DNG RING)', '', 0),
(328, 'K thut gen/ KT gen VSV', '', 0),
(329, 'T chc cng tc k ton', '', 0),
(330, 'K thut nui cy m t bo thc vt', '', 0),
(331, 'T tng H Ch Minh', '', 0),
(332, 'Th trng chng khon', '', 0),
(333, 'Thng k DN', '', 0),
(334, 'Thng mi in t', '', 0),
(335, 'K thut nhit', '', 0),
(336, 'Khng sinh', '', 0),
(337, 'Thu - ht tnh n 1604', '', 0),
(338, 'Ln men rau qu', '', 0),
(339, 'Ln men tht c ', '', 0),
(340, 'Logic', '', 0),
(341, 'L 1', '', 0),
(342, 'L 2 ', '', 0),
(343, 'Marketing ', '', 0),
(344, 'Nguyn l CB CNMac-Lenin', '', 0),
(345, 'Nguyn l sn xut sch( hn)', '', 0),
(346, 'Nhit k thut', '', 0),
(347, 'C s VH Vit Nam- Lch s MTVN', '', 0),
(348, 'Protein ', '', 0),
(349, 'ng li CM ca CSVN', '', 0),
(350, 'Php lut i cng', '', 0),
(351, 'Gii phu', '', 0),
(352, 'Ph gia/ Ph gia thc phm', '', 0),
(353, 'Lch s m thut th gii', '', 0),
(354, 'Phng php phn tch', '', 0),
(355, 'Qun l cht lng sn phm', '', 0),
(356, 'Lch s vn minh TG', '', 0),
(357, 'Qun tr doanh nghip', '', 0),
(358, 'Qun tr doanh nghip', '', 0),
(359, 'QT1/ QT & TBtrong CNSH 1', '', 0),
(360, 'QT 2/Qu trnh thit b 2', '', 0),
(361, 'Sinh hc phn t', '', 0),
(362, 'Sinh l hc ngi v ng vt', '', 0),
(363, 'Sinh t bo', '', 0),
(364, 'Sinh hc t bo & phn t', '', 0),
(365, 'Lch s Trit hc ng Ty', '', 0),
(366, 'Sinh hc t bo ', '', 0),
(367, 'Sinh thi mi trng', '', 0),
(368, 'Tin hc i cng', '', 0),
(369, 'Ting anh chuyn ngnh', '', 0),
(370, 'Ton cao cp 1 ( i s )', '', 0),
(371, 'Ton cao cp 2 ( Gii tch)', '', 0),
(372, 'Ti u ha trong CNSH', '', 0),
(373, 'Logic hc i cng', '', 0),
(374, 'Lut s hu tr tu', '', 0),
(375, 'T tng HCM', '', 0),
(376, 'Marketing', '', 0),
(377, 'M hc', '', 0),
(378, 'Nguyn l CB CN Mac- Lenin', '', 0),
(379, 'Ting Anh chuyn ngnh', '', 0),
(380, 'Ting Anh chuyn ngnh-  ha', '', 0),
(381, 'Ting Anh chuyn ngnh- Thi trang', '', 0),
(382, 'Ting Anh chuyn ngnh- Ni tht', '', 0),
(383, 'Tm l hc i cng', '', 0),
(384, 'Vacxin', '', 0),
(385, 'Tm l hc ngh thut', '', 0),
(386, 'Vt l i cng 1', '', 0),
(387, 'Vt l i cng 2', '', 0),
(388, 'T tng HCM', '', 0),
(389, 'V k thut', '', 0),
(390, 'Php lut i cng', '', 0),
(391, 'Ting Vit & Son tho VB', '', 0),
(392, 'Vi sinh MT', '', 0),
(393, 'Thng mi in t', '', 0),
(394, 'Vi sinh cng nghip', '', 0),
(395, 'X hi hc ngh thut', '', 0),
(396, 'Xc xut thng k ', '', 0),
(397, 'Xy dng cng nghip', '', 0),
(398, 'Xy dng d n & thit k', '', 0),
(399, 'Xt nghim y hc', '', 0),
(400, 'X l cht thi rn ( & kh thi )', '', 0),
(401, 'X l nc thi ( & rc thi hu c)', '', 0),
(402, 'Thc hnh cng ngh  ung ln men', '', 0),
(403, 'Thc hnh k thut Gen& Cng ngh Protein', '', 0),
(404, 'Thc hnh k thut Gen', '', 0),
(405, 'Thc hnh Ha sinh CN - Vn p', '', 0),
(406, 'Thc hnh Vi sinh CN- Vn p', '', 0),
(407, 'TA CB2(c-Vit-Nghe-Ni)', '', 0),
(408, 'TA CB3(c-Vit-Nghe-Ni)', '', 0),
(409, 'Ha sinh cng nghip- -  thi tt nghip', '', 0),
(410, 'Vi sinh-  thi tt nghip', '', 0),
(411, 'Anh I', '', 0),
(412, ' Anh I  (Ni)', '', 0),
(413, 'Anh I ( Ngh--V)', '', 0),
(414, 'Anh II', '', 0),
(415, 'Anh II-Ni', '', 0),
(416, 'Lc s vn hc', '', 0),
(417, 'Anh II-Nghe, c , vit', '', 0),
(418, 'Anh vn chuyn ngnh 1', '', 0),
(419, 'Chuyn  ch TQ', '', 0),
(420, 'Anh vn chuyn ngnh 2', '', 0),
(421, 'ng li CM CSVN', '', 0),
(422, 'Cc nguyn l kinh t', '', 0),
(423, 'Cu kin in t', '', 0),
(424, 'i s', '', 0),
(425, 'a phng tin', '', 0),
(426, 'iu khin t ng', '', 0),
(427, 'Ngn ng & VH', '', 0),
(428, 'in t cng sut', '', 0),
(429, 'o lng in t', '', 0),
(430, 'Ng m', '', 0),
(431, 'Ng Php', '', 0),
(432, 'ng li Cch mng', '', 0),
(433, 'ng truyn Anten', '', 0),
(434, 'Gii tch I', '', 0),
(435, 'Dch bo ch', '', 0),
(436, 'Dch 1', '', 0),
(437, 'Dch 2', '', 0),
(438, 'Dch 3', '', 0),
(439, 'c 1', '', 0),
(440, 'c 2', '', 0),
(441, 'Gii tch II', '', 0),
(442, 'c 3', '', 0),
(443, 'H iu hnh', '', 0),
(444, 'Nghe 1', '', 0),
(445, 'H thng vin thng', '', 0),
(446, 'Nghe 2', '', 0),
(447, 'Kin trc my tnh', '', 0),
(448, 'Nghe 3', '', 0),
(449, 'Vit 1', '', 0),
(450, 'K nng son tho vn bn', '', 0),
(451, 'Vit 2', '', 0),
(452, 'Vit 3', '', 0),
(453, 'K thut in', '', 0),
(454, 'Vit 4', '', 0),
(455, 'K thut s', '', 0),
(456, 'Ting Trung Quc TH1', '', 0),
(457, 'K thut s & mch logic', '', 0),
(458, 'K thut mch', '', 0),
(459, 'KT Audio-Video', '', 0),
(460, 'KT chuyn mch', '', 0),
(461, 'Ting Trung Quc TH2', '', 0),
(462, 'K thut vi x l', '', 0),
(463, 'An ninh & Bo mt DL', 'TH301/ IT201', 0),
(464, 'Ting Trung Quc TH3', '', 0),
(465, 'KT Siu cao tn', '', 0),
(466, 'Ting Trung Quc TH4', '', 0),
(467, 'Ting Trung Quc TH5', '', 0),
(468, 'Lp trnh hng i tng', '', 0),
(469, 'Ting Trung Quc TH6', '', 0),
(470, 'Anh c bn1', 'EG10', 0),
(471, 'Lp trnh ng dng PLC', '', 0),
(472, 'L 1', '', 0),
(473, 'Ting Trung Quc Thng mi', '', 0),
(474, 'Trch ging vn hc', '', 0),
(475, 'L 2', '', 0),
(476, 'L thuyt mch', '', 0),
(477, 'Anh vn 2 /Ting anh CB 2', 'EG011', 0),
(478, 'Mng my tnh', '', 0),
(479, 'Nhng NL CB CN MLN', '', 0),
(480, 'Nhng NL CB CN MLN1', '', 0),
(481, 'Nhng NL CB CN MLN2', '', 0),
(482, 'T tng H Ch Minh', '', 0),
(483, 'T vng', '', 0),
(484, 'T php', '', 0),
(485, 'Ngn ng LT- C.Trc d liu', '', 0),
(486, 'Nguyn l kinh t', '', 0),
(487, 'An ton sinh hc', '', 0),
(488, 'Cc PP phn tch trong CNSH', '', 0),
(489, 'Qun tr hc', '', 0),
(490, 'Php lut i cng', '', 0),
(491, 'Phng php tnh', '', 0),
(492, 'Cc hot cht SH t thc vt', '', 0),
(493, 'Tn hiu v iu ch', '', 0),
(494, 'Cng ngh cc SP t rau qu', '', 0),
(495, 'Ting Anh chuyn ngnh', '', 0),
(496, 'Ton 2', '', 0),
(497, 'Cng ngh  ung ln men', '', 0),
(498, 'Cng ngh Enzym & Protein', '', 0),
(499, 'T tng HCM', '', 0),
(500, 'Cng ngh enzym', '', 0),
(501, 'Trng v sng in t', '', 0),
(502, 'Cng ngh khng sinh', '', 0),
(503, 'Thng tin di ng', '', 0),
(504, 'Anh vn 3/ Ting anh CB 3', 'EG012', 0),
(505, 'Cng ngh nui cy m t bo thc vt', '', 0),
(506, 'Thng tin quang', '', 0),
(507, 'Cng ngh Protein', '', 0),
(508, 'Xc sut thng k', '', 0),
(509, 'Cng ngh sa ', '', 0),
(510, 'X l s tn hiu', '', 0),
(511, 'Anh vn chuyn ngnh1', 'QT407', 0),
(512, 'C s ngnh ', '', 0),
(513, 'Chuyn ngnh', '', 0),
(514, 'Anh vn chuyn ngnh 1', 'KT405', 0),
(515, 'Cng ngh x l nc thi', '', 0),
(516, 'Cng ngh Vacxin', '', 0),
(517, 'Anh vn chuyn ngnh2', 'KT406', 0),
(518, 'Chin lc v quy hoch DL', '', 0),
(519, 'Cng ngh Vi sinh vt MT', '', 0),
(520, 'Dn tc hc', '', 0),
(521, 'C ng dng', '', 0),
(522, 'Du lch bn vng', '', 0),
(523, 'Du lch in t', '', 0),
(524, 'o c v Vn ha DN', '', 0),
(525, 'ng li CM ng CSVN', '', 0),
(526, 'Di truyn', '', 0),
(527, 'iu khin t ng', '', 0),
(528, 'a l du lch Vit Nam', '', 0),
(529, ' ung ln men', '', 0),
(530, 'E. tour ( Du lch in t)', '', 0),
(531, 'Gim st khch sn', '', 0),
(532, 'Giao lu vn ha', '', 0),
(533, 'c t vi sinh vt', '', 0),
(534, 'K ton doanh nghip', '', 0),
(535, ' ng li ng CSVN', '', 0),
(536, 'K ton i cng', '', 0),
(537, 'Kinh t vi m', '', 0),
(538, 'Ha i cng', '', 0),
(539, 'Kinh t v m', '', 0),
(540, 'K nng mm', '', 0),
(541, 'K nng nghip v KS 2(vn p)', '', 0),
(542, ' K nng thc hnh SHT(vn p)', '', 0),
(543, 'Khi nghip kinh doanh', '', 0),
(544, 'Lch s vn ha Vit Nam', '', 0),
(545, 'Lch s vn minh Th gii', '', 0),
(546, 'Lch s Vit Nam', '', 0),
(547, 'Ha hu c', '', 0),
(548, 'Lut du lch', '', 0),
(549, 'Marketing chin lc', '', 0),
(550, 'Marketing im n', '', 0),
(551, 'Nguyn l ca CN MLN', '', 0),
(552, 'Php lut i cng', '', 0),
(553, 'Phng php NC khoa hc', '', 0),
(554, 'Qun l t chc s kin', '', 0),
(555, 'Qun tr bung KS', '', 0),
(556, 'Qun tr cht lng dch v', '', 0),
(557, 'Qun tr chin lc', '', 0),
(558, 'Qun tr d n u t', '', 0),
(559, 'Qun tr i l l hnh', '', 0),
(560, 'Qun tr hc', '', 0),
(561, 'Qun tr l tn KS', '', 0),
(562, 'Qun tr iu hnh hng dn DL', '', 0),
(563, 'Qun tr NV v iu hnh DL', '', 0),
(564, 'Qun tr nghip v Hng dn', '', 0),
(565, 'Qun tr nghip v KS', '', 0),
(566, 'Qun tr nghip v KS(dng  ny)', '', 0),
(567, 'Qun tr nhn lc', '', 0),
(568, 'Qun tr ti chnh', '', 0),
(569, 'Qun tr thc phm  ung', '', 0),
(570, 'Tm l du khch & NTGT', '', 0),
(571, 'Tm l du khch', '', 0),
(572, 'Tm l i cng', '', 0),
(573, 'Tin hc chuyn ngnh', '', 0),
(574, 'Tin hc i cng', '', 0),
(575, 'Tin t v thanh ton QT', '', 0),
(576, 'Ting Anh c bn 1 ( A2)', '', 0),
(577, 'Ting Anh DLCN1c-Vit-Nghe-Ni)', '', 0),
(578, 'Ton cao cp', '', 0),
(579, 'Tour du lch trn gi', '', 0),
(580, 'T chc s kin', '', 0),
(581, 'Tng quan du lch', '', 0),
(582, 'T tng HCM', '', 0),
(583, 'Th trng du lch', '', 0),
(584, 'Vn ha dn gian', '', 0),
(585, 'Xc sut thng k', '', 0),
(586, 'Y t du lch', '', 0),
(587, 'Ting anh DLCN 1(c-Vit-Nghe-Ni)', '', 0),
(588, 'Anh vn chuyn ngnh2 -  QT408', 'QT408', 0),
(589, 'Cc chun mc k ton VN -  ACC507/KT902 ( KT901)', 'ACC507/KT902 ( KT901)', 0),
(590, 'Cu trc d liu v gii thut', 'TH105', 0),
(591, 'Cu trc d liu v gii thut', 'CS101', 0),
(592, 'C bn v mng my tnh', 'IT102', 0),
(593, 'C s d liu', 'SE202', 0),
(594, 'Anh vn HP 1', '', 0),
(595, 'Anh vn HP1 ( -V- Ngh)', '', 0),
(596, 'Anh vn HP1 ( Ni )', '', 0),
(597, 'Anh vn HP2', '', 0),
(598, 'Anh vn HP2( -V- Ngh)', '', 0),
(599, 'Anh vn HP3 ', '', 0),
(600, 'Anh vn HP3 ( -V)', '', 0),
(601, 'Anh vn HP3 ( Nghe)', '', 0),
(602, 'Anh vn 3,4', '', 0),
(603, 'Anh vn 4', '', 0),
(604, 'Anh vn 5', '', 0),
(605, 'Anh vn chuyn ngnh', '', 0),
(606, 'Bo v mi trng/ Kinh t mi trng', '', 0),
(607, '3,s', '', 0),
(608, 'C s d liu', 'TH106', 0),
(609, 'Cp thot nc', '', 0),
(610, 'Cu to kin trc', '', 0),
(611, 'C s lp trnh ', 'TH101', 0),
(612, 'C hc cng trnh', '', 0),
(613, 'Chun mc k ton Vit Nam ', 'KT901', 0),
(614, 'C hc t nn mng / Kt cu nn mng', '', 0),
(615, 'C l thuyt  C hc c s 1)', '', 0),
(616, 'D n m ngun m ', 'SE405/IT402', 0),
(617, 'ng li CM ca CSVN', '', 0),
(618, 'Hnh hc ha hnh + V k thut', '', 0),
(619, 'D n phn mm ', 'SE303/ TH902', 0),
(620, 'Kt cu cng trnh', '', 0),
(621, 'o c v vn ha kinh doanh  ', 'QT106', 0),
(622, 'Kt cu cng trnh 1 ( B Tng )', '', 0),
(623, 'Ha l', '', 0),
(624, 'Kt cu thp', '', 0),
(625, 'i s tuyn tnh ', 'EG014', 0),
(626, 'Kt cu nn mng', '', 0),
(627, 'i s & Hnh GT ', 'EG024', 0),
(628, 'Kinh t xy dng', '', 0),
(629, 'Ha l - Ha keo', '', 0),
(630, 'Kin trc mi trng', '', 0),
(631, 'i s & Hnh GT ', 'EG024', 0),
(632, 'Kin trc nh ', '', 0),
(633, 'ng li CM CS VN ', 'EG002', 0),
(634, 'Kin trc nh cng cng', '', 0),
(635, 'ng li CM CS VN ', 'PHP101', 0),
(636, 'K thut  th', '', 0),
(637, 'Gii tch 1 KO DNG ', 'EG013', 0),
(638, 'K thut in', '', 0),
(639, 'Gii tch 1 ', 'EG013', 0),
(640, 'Ha phn tch', '', 0),
(641, 'K thut thi cng - Thi cng cng trnh', '', 0),
(642, 'Gii tch 2  ', 'EG022', 0),
(643, 'K thut thng gi', '', 0),
(644, 'Hnh vi t chc ', 'MAN403', 0),
(645, 'Lch s  th ', '', 0),
(646, 'Hnh vi t chc ', 'QT319', 0),
(647, 'Lch s kin trc', '', 0),
(648, 'Lch s ngh thut', '', 0),
(649, 'Lut xy dng', '', 0),
(650, 'Ha sinh', '', 0),
(651, 'L thuyt kin trc nh cng nghip', '', 0),
(652, 'H Qun tr CSDL', '', 0),
(653, 'L thuyt quy hoch', '', 0),
(654, 'L thuyt sng tc KT', '', 0),
(655, 'M hc/ M hc kin trc', '', 0),
(656, 'H thng thng tin qun l ', 'MAN402', 0),
(657, 'Nguyn l CBCN Mac-Lenin', '', 0),
(658, 'K ton cc ngnh KD c th ', 'ACC505', 0),
(659, 'Php lut i cng- t lun', '', 0),
(660, 'K ton cng ty ', 'KT311', 0),
(661, 'Php lut xy dng', '', 0),
(662, 'Php lut ', '', 0),
(663, 'K ton doanh nghip ', 'ACC510', 0),
(664, 'Ha sinh cng nghip ', '', 0),
(665, 'Trc a', '', 0),
(666, 'K ton doanh nghip ', 'TC304', 0),
(667, 'Ton cao cp 1', '', 0),
(668, 'K ton doanh nghip va v nh ', 'KT312', 0),
(669, 'Ton cao cp 2', '', 0),
(670, 'K ton chi ph ', 'ACC502/KT409', 0),
(671, 'T tng H Ch Minh', '', 0),
(672, 'K ton hnh chnh s nghip', ' ACC504', 0),
(673, 'Thi cng cng trnh', '', 0),
(674, 'K ton hnh chnh s nghip ', 'KT308', 0),
(675, 'Vt liu xy dng', '', 0),
(676, 'K ton my ', 'ACC402', 0),
(677, 'Vt l kin trc  ( m hc)', '', 0),
(678, 'Vt l kin trc 2 ( Kin trc kh hu, chiu sng )', '', 0),
(679, 'K ton ngn hng ', 'FIN508/TC16', 0),
(680, 'Quy hoch  th ', '', 0),
(681, 'K ton ngn hng ', 'TC316', 0),
(682, 'X hi hc  th', '', 0),
(683, 'K ton qun tr ', 'ACC304', 0),
(684, 'K ton qun tr ', 'KT303', 0),
(685, 'Bo h quyn SHTT trong KDQT', '', 0),
(686, 'K ton qun tr ', 'QT314', 0),
(687, 'Cng php quc t - HP 1', '', 0),
(688, 'Cng php quc t - HP 2', '', 0),
(689, 'K ton ti chnh 1 ', 'KT302', 0),
(690, 'i cng VHVN', '', 0),
(691, 'K ton ti chnh 1 ', 'ACC301', 0),
(692, 'Hot cht t thc vt', '', 0),
(693, 'ng li CM CSVN', '', 0),
(694, 'K ton ti chnh 2 ', 'ACC302/KT306', 0),
(695, 'Kinh t vi m', '', 0),
(696, 'Kinh t v m', '', 0),
(697, 'K ton ti chnh 3 ', 'KT307', 0),
(698, 'K nng m phn, k kt v thc thin QT', '', 0),
(699, 'K ton thu ', 'KT314', 0),
(700, 'Lch s NN&PL Th gii', '', 0),
(701, 'K ton thu ', 'ACC501', 0),
(702, 'Lch s NN&PL Vit Nam', '', 0),
(703, 'Kim ton ', 'TC310', 0),
(704, 'Lch s VMTG', '', 0),
(705, 'Kim ton CB ', 'ACC403', 0),
(706, 'Lgc hc', '', 0),
(707, 'Lut Bin QT', '', 0),
(708, 'Hot cht t vi sinh vt', '', 0),
(709, 'Kim ton CB  ', 'KT304', 0),
(710, 'Lut Chng khon v TTCK', '', 0),
(711, 'Kin trc my tnh ', 'TH102', 0),
(712, 'Lut Dn s HP 1', '', 0),
(713, 'Lut Dn s I', '', 0),
(714, 'Lut Dn s I', '', 0),
(715, 'Kim nghim dc', '', 0),
(716, 'Kinh t lng ', 'TC204', 0),
(717, 'Kinh t lng  ', 'QT204', 0),
(718, 'Kinh t lng ', 'STA301', 0),
(719, 'Lut Dn s II', '', 0),
(720, 'Kinh t mi trng ', 'QT105', 0),
(721, 'Lut t ai', '', 0),
(722, 'Lut u t ', '', 0),
(723, 'Kinh t Quc t ', 'QT207', 0),
(724, 'Lut Hnh chnh', '', 0),
(725, 'Lut Hin Php ', '', 0),
(726, 'Kinh t pht trin  ', 'QT103', 0),
(727, 'Kim tra cht lng SP', '', 0),
(728, 'Lut Hin Php 1', '', 0),
(729, 'Kinh t vi m ', 'TC101', 0),
(730, 'Kinh t mi trng', '', 0),
(731, 'Lut Hin Php 2', '', 0),
(732, 'K thut in', '', 0),
(733, 'Kinh t vi m ', 'ECO101', 0),
(734, 'Lut Hnh s I', '', 0),
(735, 'K thut gen/ KT gen VSV', '', 0),
(736, 'Lut Hnh s II', '', 0),
(737, 'Kinh t vi m  ', 'QT101', 0),
(738, 'Lut Hn nhn v gia nh- cn 11 tnh n ht 1623', '', 0),
(739, 'Kinh t vi m ', 'KT101', 0),
(740, 'Lut Kinh t chuyn ngnh - cn 19  tnh n 1607', '', 0),
(741, 'Kinh t v m ', 'KT102', 0),
(742, 'Lut Kinh t I', '', 0),
(743, 'Kinh t v m ', 'QT102', 0),
(744, 'Lut Kinh t II - ht tnh n 1621 ', '', 0),
(745, 'Kinh t v m ', 'TC102', 0),
(746, 'Lut Lao ng', '', 0),
(747, 'K thut nui cy m t bo thc vt', '', 0),
(748, 'Kinh t v m ', 'ECO102', 0),
(749, 'Lut mi trng- cn 18 tnh n 1602', '', 0),
(750, 'Lut Ngn hng- cn 17 tnh n 1632', '', 0),
(751, 'Lut So snh', '', 0),
(752, 'K thut in t s ', 'EG023', 0),
(753, 'Lut S hu tr tu', '', 0),
(754, 'Lut Ti chnh - cn 15 tnh n 1636', '', 0),
(755, 'K thut  ha ', 'IT202', 0),
(756, 'Lut T tng Hnh s', '', 0),
(757, 'K thut lp trnh hng i tng ', 'TH107', 0),
(758, 'K thut nhit', '', 0),
(759, 'Lut TT Dn s', '', 0),
(760, 'K thut son tho vn bn ', 'DWS104', 0),
(761, 'Lut TT Hnh chnh', '', 0),
(762, 'Khng sinh', '', 0),
(763, 'Lut Thng mi quc t', '', 0),
(764, 'Khi to doanh nghip ', 'MAN307/QT410', 0),
(765, 'L lun chung NN&PL ', '', 0),
(766, 'Lp trnh hng i tng ', 'SE204', 0),
(767, 'L lun chung NN&PL I ', '', 0),
(768, 'L lun chung NN&PL II', '', 0),
(769, 'Lp trnh hng s kin ', 'TH109', 0),
(770, 'Mt s H trong lnh vc Thng mi', '', 0),
(771, 'Nhng nguyn l CB ca CN Mc-Lnin I', '', 0),
(772, 'Lp trnh Web ', 'TH206', 0),
(773, 'Nhng nguyn l CB ca CN Mc-Lnin II', '', 0),
(774, 'Php lut v SHCN', '', 0),
(775, 'Qun tr kinh doanh', '', 0),
(776, 'Ln men rau qu', '', 0),
(777, 'Tm l hc C', '', 0),
(778, 'Tm l t php', '', 0),
(779, 'Ln men tht c ', '', 0),
(780, 'Ting anh - HP 1', '', 0),
(781, 'Lp trnh Web ASP.NET ', 'SE205', 0),
(782, 'Ting anh - HP 2', '', 0),
(783, 'Logic', '', 0),
(784, 'Lp trnh m ngun m ', 'SE401/ IT403', 0),
(785, 'Ting anh - HP 3', '', 0),
(786, 'Ting anh - HP 4', '', 0),
(787, 'Lp trnh ng dng cho my c nhn ', 'SE203', 0),
(788, 'Ting anh - HP 4 - Anh vn CN', '', 0),
(789, 'Lut kinh t ', 'LAW201', 0),
(790, 'Ting Anh c bn 1', '', 0),
(791, 'Ting Anh c bn 2', '', 0),
(792, 'Lut kinh t ', 'TC202', 0),
(793, 'Tin hc C', '', 0),
(794, 'Lut kinh doanh ', 'KT204', 0),
(795, 'L 1', '', 0),
(796, 'T php quc t - HP 1-con 15  tnhn ht 1616', '', 0),
(797, 'Lut kinh doanh ', 'QT206', 0),
(798, 'T php quc t - HP 2', '', 0),
(799, 'T tng H Ch Minh', '', 0),
(800, 'Lch s cc hc thuyt kinh t ', 'EG025', 0),
(801, 'X hi hc i cng', '', 0),
(802, 'L thuyt TCTT ', 'KT201', 0),
(803, 'Xy dng VBPL', '', 0),
(804, 'L thuyt TCTT ', 'QT201', 0),
(805, 'L thuyt TCTT ', 'TC302', 0),
(806, 'L thuyt TCTT ', 'FIN101', 0),
(807, 'L thuyt XS & TK ton( XS&TK ton) ', 'EG015', 0),
(808, 'L thuyt XS & TK ton( XS&TK ton) ', 'STA201', 0),
(809, 'M ngun m ', 'SE401', 0),
(810, 'M ngun m  ', 'TH302', 0),
(811, 'Mng v truyn thng ', 'TH202', 0),
(812, 'Marketing cn bn  ', 'QT203', 0),
(813, 'Marketing cn bn ', 'KT203', 0),
(814, 'Marketing cn bn ', 'MAR201', 0),
(815, 'Marketing ngn hng ', 'TC317', 0),
(816, 'Marketing ngn hng  ', 'FIN304', 0),
(817, 'Ngn ng TK Web ', 'TH205', 0),
(818, 'Ngn ng truy vn d liu ', 'TH108', 0),
(819, 'Ngn hng thc hnh ', 'FIN506', 0),
(820, 'Ngn hng thng mi ', 'TC306', 0),
(821, 'Nghin cu th trng ', 'QT409', 0),
(822, 'L 2 ', '', 0),
(823, 'Nghip v ngn hng thng mi ', 'FIN504', 0),
(824, 'Nghip v ngn hng T ', 'FIN507', 0),
(825, 'Nghip v kinh doanh ngoi hi ', 'FIN501', 0),
(826, 'Kinh t hc hin i', '', 0),
(827, 'Nguyn l h iu hnh /Nhp mn HH- 29  tnh n 1661 ', 'TH103', 0),
(828, 'Kinh t lng & m hnh ton', '', 0),
(829, 'Kinh t Quc t', '', 0),
(830, 'Nguyn l k ton ', 'ACC202', 0),
(831, 'K ton qun tr', '', 0),
(832, 'Khoa hc qun l', '', 0),
(833, 'L thuyt qun tr hin i', '', 0),
(834, 'Nguyn l k ton  ', 'KT301', 0),
(835, 'Lut kinh doanh', '', 0),
(836, 'Phn tch KD/ PT KD nng cao', '', 0),
(837, 'Nguyn l k ton  ', 'QT202', 0),
(838, 'Phn tch ti chnh', '', 0),
(839, 'Nguyn l k ton ', 'TC201', 0),
(840, 'PP NC KH kinh t & TK lun vn', '', 0),
(841, 'Phng php nghin cu KH', '', 0),
(842, 'Qun tr chin lc nng cao', '', 0),
(843, 'Nguyn l k ton ', 'TC201', 0),
(844, 'Qun tr d n', '', 0),
(845, 'Nguyn l thng k  ', 'KT202', 0),
(846, 'Qun tr marketing', '', 0),
(847, 'Qun tr kinh doanh hin i', '', 0),
(848, 'Nguyn l thng k  ', 'TC203', 0),
(849, 'Qun tr ngun nhn lc', '', 0),
(850, 'Qun tr SX v tc nghip NC', '', 0),
(851, 'Nguyn l thng k KT ', 'QT205', 0),
(852, 'Marketing ', '', 0),
(853, 'Qun tr ti chnh', '', 0),
(854, 'Nguyn l thng k kinh t ', 'STA302', 0),
(855, 'Qun tr TC DN nng cao', '', 0),
(856, 'Ting Anh', '', 0),
(857, 'Thng mi in t', '', 0),
(858, 'Nhp mn h iu hnh ', 'IT101', 0),
(859, 'Vn ha kinh doanh ', '', 0),
(860, 'Trit hc - 90 pht', '', 0),
(861, 'Trit hc - 120 pht', '', 0),
(862, 'Ting Anh', '', 0),
(863, 'Cu trc & lp trnh PLC', '', 0),
(864, 'Cng ngh a phng tin', '', 0),
(865, 'C s d liu nng cao', '', 0),
(866, 'a phng tin', '', 0),
(867, 'Nhp mn h iu hnh ', 'IT101', 0),
(868, 'H thng thng tin quang', '', 0),
(869, 'Kin trc my tnh tin tin', '', 0),
(870, 'Nhp mn Internet & Elearning ', 'EG017', 0),
(871, 'Lc s v m ha bng con', '', 0),
(872, 'Marketing nng cao', '', 0),
(873, 'Nhp mn Internet & Elearning ', 'ICT101', 0),
(874, 'Ting Anh giao tip', '', 0),
(875, 'Ting Nga', '', 0),
(876, 'Nhp mn k thut xy dng Web ', 'SE201', 0),
(877, 'Thng tin ton quang', '', 0),
(878, 'X l nh s', '', 0),
(879, 'H thng nhng', '', 0),
(880, 'm bo cht lng phn mm', '', 0),
(881, 'Nhp mn lp trnh C ', 'SE101', 0),
(882, 'Tnh ton mm v ng dng ( Logic m D)', '', 0),
(883, 'iu khin ti u trong Cng ngh sinh hc', '', 0),
(884, 'Nhng nguyn l CB CN Mc- Lnin ', 'EG001', 0),
(885, 'Kim sot QT ln men trong CN', '', 0),
(886, 'ng hc Enzym', '', 0),
(887, 'o c vn ha KD', '', 0),
(888, 'Ngn ng hc i chiu', '', 0),
(889, 'Nhng nguyn l CB CN Mc- Lnin ', 'EG001', 0),
(890, 'Ting Nga', '', 0),
(891, 'Ting Php', '', 0),
(892, 'Ting Trung', '', 0),
(893, 'Nhng nguyn l CB CN Mc- Lnin 1 ', 'EG001', 0),
(894, 'CS & PL cnh tranh ca VN', '', 0),
(895, 'Chnh sch & PL v T', '', 0),
(896, 'Nhng nguyn l CB CN Mc- Lnin 1 ', 'EG001', 0),
(897, 'Chnh sch & PL v TMQT ca Vit Nam', '', 0),
(898, 'Nhng nguyn l CB CN Mc- Lnin 1 ', 'PHM101', 0),
(899, 'CS & PL v TM Quc t ca VN', '', 0),
(900, 'CS & PL v TM Quc t ca VN', '', 0),
(901, 'GQ tranh chp, KN, t co v t ai', '', 0),
(902, 'Nhng nguyn l CB CN Mc- Lnin 2 ', 'PHM102', 0),
(903, 'Kha cnh TM ca quyn SHTT', '', 0),
(904, 'Khung PL KT trong nn th trng VN', '', 0),
(905, 'Php lut i cng ', 'EG004', 0),
(906, 'Lut cng ty so snh', '', 0),
(907, 'Lut hp ng', '', 0),
(908, 'Lut kinh t chuyn su', '', 0),
(909, 'Php lut i cng ', 'LAW101', 0),
(910, 'L lun v lut t ai  VN', '', 0),
(911, 'Php lut ngn hng ', 'FIN303', 0),
(912, 'L lun v PL thng mi dch v', '', 0),
(913, 'Pht trin k nng c nhn1 ', 'EG005', 0),
(914, 'L lun v PL dch v ti chnh', '', 0),
(915, 'L lun v thng nhn v hnh vi TM', '', 0),
(916, 'Pht trin k nng c nhn1 ', 'PSD101', 0),
(917, 'L thuyt v Kinh t hc PL', '', 0),
(918, 'Php lut mi trng trong H TM', '', 0),
(919, 'Php lut v qun tr nhn s', '', 0),
(920, 'Php lut v an sinh x hi  Vit Nam', '', 0),
(921, 'Pht trin k nng c nhn2  ', 'EG020/ PSD102', 0),
(922, 'Php lut v KD bo him trong LV TM', '', 0),
(923, 'Pht trin ng dng Web vi Java ', 'SE403', 0),
(924, 'PP nghin cuKH&KN NC Lut hc', '', 0),
(925, 'Tranh chp TM & GQ tranh chp TM', '', 0),
(926, 'Pht trin ng dng Web vi Java ', 'TH316', 0),
(927, 'K thut in t', '', 0),
(928, 'Phn tch Bo co ti chnh ', 'ACC508', 0),
(929, 'K thut lp trnh', '', 0),
(930, 'Mng my tnh', '', 0),
(931, 'Phn tch Bo co ti chnh ', 'KT309', 0),
(932, 'Sinh ha cng nghip', '', 0),
(933, 'Ton cao cp thng k', '', 0),
(934, 'Ton ri rc', '', 0),
(935, 'Phn tch Bo co ti chnh ', 'QT310', 0),
(936, 'Phn tch hot ng kinh doanh ', ' MAN310/QT305/KT305', 0),
(937, 'Phn tch ti chnh d n', ' TC311', 0),
(938, 'Phn tch thm nh DA T ', 'FIN503', 0),
(939, 'Phn tch thit k h thng ', 'SE206/ TH203', 0),
(940, 'Qun l cht lng phn mm ', 'SE301', 0),
(941, 'Qun l cht lng phn mm ', 'TH321', 0),
(942, 'Qun l d n phn mm ', 'SE302', 0),
(943, 'Qun l thu chi DN nh & HG ', 'KT410', 0),
(944, 'Qun l thu chi DN nh & HG ', 'ACC303', 0),
(945, 'Qun l thu chi DN nh & HG ', 'ACC303', 0),
(946, 'Qun tr cht lng ', 'MAN302/QT309', 0),
(947, 'Qun tr chin lc ', 'MAN308', 0),
(948, 'Qun tr chin lc ', 'QT303/MAN308', 0),
(949, 'Qun tr cng ngh ', 'MAN404', 0),
(950, 'Qun tr d n ', 'MAN306', 0),
(951, 'Qun tr d n u t ', 'QT308', 0),
(952, 'Qun tr d n CNTT ', 'TH304', 0),
(953, 'Qun tr hc ', 'MAN301', 0),
(954, 'Qun tr hc ', 'QT301', 0),
(955, 'Qun tr kinh doanh', '', 0),
(956, 'Qun tr kinh doanh ', 'TC404/QT306/KT205/MAN413', 0),
(957, 'Qun tr kinh doanh ngn hng ', 'FIN402', 0),
(958, 'Qun tr kinh doanh ngn hng ', 'TC315', 0),
(959, 'Qun tr kinh doanh Quc t ', 'QT902', 0),
(960, 'Qun tr Marketing  ', 'QT318', 0),
(961, 'Qun tr nhn lc ', 'QT304', 0),
(962, 'Qun tr nhn s ', 'MAN305', 0),
(963, 'Qun tr ti chnh ', 'QT302', 0),
(964, 'Qun tr ri ro ', 'TC308', 0),
(965, 'Qun tr sn xut ', 'MAN309', 0),
(966, 'Qun tr sn xut ', 'QT307', 0),
(967, 'Ti chnh doanh nghip I ', 'KT206', 0),
(968, 'Ti chnh doanh nghip ', 'FIN102', 0),
(969, 'Ti chnh doanh nghip ', 'TC301', 0),
(970, 'Ti chnh Quc t ', 'TC303', 0),
(971, 'Ti chnh Quc t ', 'FIN401', 0),
(972, 'Tm l hc QTKD ', 'MAN303', 0),
(973, 'Tm l kinh doanh ( Tm l hc QTKD) ', 'EG008', 0),
(974, 'Ting Anh CB 1 ', 'ENG101', 0),
(975, 'Ting Anh CB 2 ', 'ENG102', 0),
(976, 'Ting Anh CB 3 ', 'ENG103', 0),
(977, 'Ting Anh CB 3 ( ht  ) ', 'EG012', 0),
(978, 'Ting Anh chuyn ngnh ', 'EG021', 0),
(979, 'Ting Anh chuyn ngnh ', 'EFI204', 0),
(980, 'Ting Anh chuyn ngnh 1 ', 'TC402', 0),
(981, 'Ting Anh chuyn ngnh 2 ', 'TC403', 0),
(982, 'Ting Anh chuyn ngnh BA1/TA Thng mi ', 'EBA201', 0),
(983, 'Ting Anh chuyn ngnh BA2 ', 'EBA202', 0),
(984, 'Ting Anh chuyn ngnh IT1 ', 'EIT201', 0),
(985, 'Ting Anh chuyn ngnh IT2 ', 'EIT202', 0),
(986, 'Ting Anh chuyn ngnh IT3 ', 'EIT203', 0),
(987, 'Ting Vit & Son tho VB ', 'EG009', 0),
(988, 'Ting Vit & STVB/ Son tho vn bn ', 'EG026', 0),
(989, 'Tn dng ngn hng ', 'TC318', 0),
(990, 'Tn dng & thanh ton QT ', 'FIN505', 0),
(991, 'Tin hc CB ', 'ICT102', 0),
(992, 'Tin hc C ', 'EG016', 0),
(993, 'Tin hc CB ', 'EG016', 0),
(994, 'Tin hc ng dng ', 'ACC201', 0),
(995, 'Tin hc ng dng trong k ton ', 'KT316', 0),
(996, 'Tin hc ng dng ', 'TC401', 0),
(997, 'Ton cao cp 1 ', 'MAT101', 0),
(998, 'Ton cao cp 1 ', 'EG013', 0),
(999, 'Ton cao cp 2 ', 'EG024', 0),
(1000, 'Ton cao cp 2 ', 'MAT102', 0),
(1001, 'Ton gii tch ', 'EG013', 0),
(1002, 'Ton ri rc ', 'MAT104', 0),
(1003, 'Ton ri rc ', 'TH104', 0),
(1004, 'T chc cng tc k ton ', 'ACC503', 0),
(1005, 'T chc cng tc k ton ', 'KT310', 0),
(1006, 'T tng HCM ', 'EG003', 0),
(1007, 'T tng HCM ', 'PHH101', 0),
(1008, 'Tng tc gia ngi SD & TB thng minh ', 'TH209', 0),
(1009, 'Tng tc gia ngi SD & D ', 'IT204', 0),
(1010, 'Thanh ton Quc t ', 'TC307', 0),
(1011, 'Thanh ton & Tn dng Quc t( Tn dng) ', 'FIN505', 0),
(1012, 'Thanh ton & Tn dng Quc t( Tn dng) ', 'KT402', 0),
(1013, 'Thng k doanh nghip ', 'STA303', 0),
(1014, 'Thit k  ha ', 'TH204', 0),
(1015, ' Th trng CK ', 'FIN301', 0),
(1016, ' Th trng CK  ', 'KT403', 0),
(1017, ' Th trng CK  ', 'QT401', 0),
(1018, ' Th trng CK ', 'TC305', 0),
(1019, 'Thu ', 'ACC401', 0),
(1020, 'Thu ', 'KT207', 0),
(1021, 'Thu  ', 'QT404', 0),
(1022, 'Thu  ', 'TC309', 0),
(1023, 'Thng mi in t ', 'KT404', 0),
(1024, 'Thng mi in t ', 'TH207', 0),
(1025, 'Thng mi in t ', 'IT203', 0),
(1026, 'Thng mi in t ', 'KT404/TH207/ QT316/ICT401', 0),
(1027, 'Thng mi in t ', 'QT316', 0),
(1028, 'Nguyn l CB CNMac-Lenin', '', 0),
(1029, 'Nguyn l sn xut sch( hn)', '', 0),
(1030, 'Nhit k thut', '', 0),
(1031, 'Protein ( c 3 )', '', 0),
(1032, 'Php lut i cng', '', 0),
(1033, 'Ph gia/ Ph gia thc phm', '', 0),
(1034, 'Phng php phn tch', '', 0),
(1035, 'Qun l cht lng sn phm', '', 0),
(1036, 'Qun tr doanh nghip', '', 0),
(1037, 'QT1/ QT & TBtrong CNSH 1', '', 0),
(1038, 'QT 2/Qu trnh thit b 2', '', 0),
(1039, 'Sinh hc phn t', '', 0),
(1040, 'Sinh l hc ngi v ng vt', '', 0),
(1041, 'Sinh t bo', '', 0),
(1042, 'Sinh hc t bo & phn t', '', 0),
(1043, 'Sinh hc t bo (vn p)', '', 0),
(1044, 'Sinh thi mi trng', '', 0),
(1045, 'Tin hc i cng', '', 0),
(1046, 'Ting anh chuyn ngnh', '', 0),
(1047, 'Ton cao cp 1 ( i s )', '', 0),
(1048, 'Ton cao cp 2 ( Gii tch)', '', 0),
(1049, 'Ti u ha trong CNSH', '', 0),
(1050, 'T tng HCM', '', 0),
(1051, 'Vacxin', '', 0),
(1052, 'Vt l i cng 1', '', 0),
(1053, 'Vt l i cng 2', '', 0),
(1054, 'V k thut', '', 0),
(1055, 'Vi sinh MT', '', 0),
(1056, 'Vi sinh cng nghip', '', 0),
(1057, 'Xc xut thng k ', '', 0),
(1058, 'Xy dng cng nghip', '', 0),
(1059, 'Xy dng d n & thit k', '', 0),
(1060, 'Xt nghim y hc', '', 0),
(1061, 'X l cht thi rn ( & kh thi )', '', 0),
(1062, 'X l nc thi ( & rc thi hu c)', '', 0),
(1063, 'Thc hnh cng ngh  ung ln men', '', 0),
(1064, 'Thc hnh k thut Gen& Cng ngh Protein', '', 0),
(1065, 'Thc hnh k thut Gen(vn p)', '', 0),
(1066, 'Thc hnh Ha sinh CN - Vn p', '', 0),
(1067, 'Thc hnh Vi sinh CN- Vn p', '', 0),
(1068, 'TA CB2(c-Vit-Nghe-Ni)', '', 0),
(1069, 'TA CB3(c-Vit-Nghe-Ni)', '', 0),
(1070, 'Ha sinh cng nghip- -  thi tt nghip', '', 0),
(1071, 'Vi sinh-  thi tt nghip', '', 0),
(1072, 'Kinh t hc hin i', '', 0),
(1073, 'Kinh t lng & m hnh ton', '', 0),
(1074, 'Kinh t Quc t', '', 0),
(1075, 'K ton qun tr', '', 0),
(1076, 'Khoa hc qun l', '', 0),
(1077, 'L thuyt qun tr hin i', '', 0),
(1078, 'Lut kinh doanh', '', 0),
(1079, 'Phn tch KD/ PT KD nng cao', '', 0),
(1080, 'Phn tch ti chnh', '', 0),
(1081, 'PP NC KH kinh t & TK lun vn', '', 0),
(1082, 'Phng php nghin cu KH', '', 0),
(1083, 'Qun tr chin lc nng cao', '', 0),
(1084, 'Qun tr d n', '', 0),
(1085, 'Qun tr marketing', '', 0),
(1086, 'Qun tr kinh doanh hin i', '', 0),
(1087, 'Qun tr ngun nhn lc', '', 0),
(1088, 'Qun tr SX v tc nghip NC', '', 0),
(1089, 'Qun tr ti chnh', '', 0),
(1090, 'Qun tr TC DN nng cao', '', 0),
(1091, 'Ting Anh', '', 0),
(1092, 'Thng mi in t', '', 0),
(1093, 'Vn ha kinh doanh ', '', 0),
(1094, 'Trit hc - 90 pht', '', 0),
(1095, 'Trit hc - 120 pht', '', 0),
(1096, 'Ting Anh', '', 0),
(1097, 'Cu trc & lp trnh PLC', '', 0),
(1098, 'Cng ngh a phng tin', '', 0),
(1099, 'C s d liu nng cao', '', 0),
(1100, 'a phng tin', '', 0),
(1101, 'H thng thng tin quang', '', 0),
(1102, 'Kin trc my tnh tin tin', '', 0),
(1103, 'Lc s v m ha bng con', '', 0),
(1104, 'Marketing nng cao', '', 0),
(1105, 'Ting Anh giao tip', '', 0),
(1106, 'Ting Nga', '', 0),
(1107, 'Thng tin ton quang', '', 0),
(1108, 'X l nh s', '', 0),
(1109, 'H thng nhng', '', 0),
(1110, 'm bo cht lng phn mm', '', 0),
(1111, 'Tnh ton mm v ng dng ( Logic m D)', '', 0),
(1112, 'iu khin ti u trong Cng ngh sinh hc', '', 0),
(1113, 'Kim sot QT ln men trong CN', '', 0),
(1114, 'ng hc Enzym', '', 0),
(1115, 'ng hc Enzym', '', 0),
(1116, 'o c vn ha KD', '', 0),
(1117, 'Ngn ng hc i chiu', '', 0),
(1118, 'Ting Php', '', 0),
(1119, 'Ting Trung', '', 0),
(1120, 'CS & PL cnh tranh ca VN', '', 0),
(1121, 'Chnh sch & PL v T', '', 0),
(1122, 'Chnh sch & PL v TMQT ca Vit Nam', '', 0),
(1123, 'CS & PL v TM Quc t ca VN', '', 0),
(1124, 'GQ tranh chp, KN, t co v t ai', '', 0),
(1125, 'Kha cnh TM ca quyn SHTT', '', 0),
(1126, 'Khung PL KT trong nn th trng VN', '', 0),
(1127, 'Lut cng ty so snh', '', 0),
(1128, 'Lut hp ng', '', 0),
(1129, 'Lut kinh t chuyn su', '', 0),
(1130, 'L lun v lut t ai  VN', '', 0),
(1131, 'L lun v PL thng mi dch v', '', 0),
(1132, 'L lun v PL dch v ti chnh', '', 0),
(1133, 'L lun v thng nhn v hnh vi TM', '', 0),
(1134, 'L thuyt v Kinh t hc PL', '', 0),
(1135, 'Php lut mi trng trong H TM', '', 0),
(1136, 'Php lut v qun tr nhn s', '', 0),
(1137, 'Php lut v an sinh x hi  Vit Nam', '', 0),
(1138, 'Php lut v KD bo him trong LV TM', '', 0),
(1139, 'PP nghin cuKH&KN NC Lut hc', '', 0),
(1140, 'Tranh chp TM & GQ tranh chp TM', '', 0),
(1141, 'K thut in t', '', 0),
(1142, 'ng li cch mng VN ', '', 0),
(1143, 'K ton doanh nghip', '', 0),
(1144, 'K ton ngn hng', '', 0),
(1145, 'K ton qun tr', '', 0),
(1146, 'Kim ton', '', 0),
(1147, 'Kinh t lng', '', 0),
(1148, 'Kinh t Pht trin', '', 0),
(1149, 'Kinh t vi m', '', 0),
(1150, 'Kinh t v m ', '', 0),
(1151, 'Lch s cc hc thuyt KT', '', 0),
(1152, 'L thuyt ti chnh tin t', '', 0),
(1153, 'L thuyt xc sut thng k', '', 0),
(1154, 'Lut Kinh t', '', 0),
(1155, 'Marketing cn bn', '', 0),
(1156, 'Marketing ngn hng', '', 0),
(1157, 'Ngn hng Thng mi', '', 0),
(1158, 'Nguyn l k ton', '', 0),
(1159, 'Nguyn l thng k kinh t', '', 0),
(1160, 'Nhng NL CB ca CNMLN1', '', 0),
(1161, 'Nhng NL CB ca CNMLN2', '', 0),
(1162, 'Php lut i cng', '', 0),
(1163, 'Pht trin k nng c nhn', '', 0),
(1164, 'Phn tch Ti chnh DA ', '', 0),
(1165, 'Phn tch Ti chnh DN', '', 0),
(1166, 'Qun tr kinh doanh', '', 0),
(1167, 'Qun tr ri ro', '', 0),
(1168, 'Qun tr ri ro trong ngn hng', '', 0),
(1169, 'Son tho vn bn', '', 0),
(1170, 'Ti chnh doanh nghip 1', '', 0),
(1171, 'Ti chnh doanh nghip 2', '', 0),
(1172, 'Ti chnh Quc t', '', 0),
(1173, 'Ting Anh Chuyn ngnh1, 2', '', 0),
(1174, 'Tin hc c bn ( i cng )', '', 0),
(1175, 'Tin hc ng dng', '', 0),
(1176, 'Tn dng ngn hng', '', 0),
(1177, 'Ton cao cp 1 ( Gii tch )', '', 0),
(1178, 'Ton cao cp 2 ( S)', '', 0),
(1179, 'T tng HCM', '', 0),
(1180, 'Thanh ton Quc t', '', 0),
(1181, 'Th trng chng khon', '', 0),
(1182, 'Thu', '', 0),
(1183, 'i s v hnh gii tch', '', 0),
(1184, 'ng li CM ca CSVN', '', 0),
(1185, 'Gii tch 1', '', 0),
(1186, 'Gii tch 2', '', 0),
(1187, 'Kin trc my tnh', '', 0),
(1188, 'K thut in t s', '', 0),
(1189, 'Nguyn l c bn', '', 0),
(1190, 'Php lut i cng', '', 0),
(1191, 'Ting Anh c bn 3', '', 0),
(1192, 'Ting Anh chuyn ngnh', '', 0),
(1193, 'T tng HCM', '', 0),
(1194, 'Xc sut thng k ton hc', '', 0),
(1195, 'Ting Anh c bn 1(c-Vit-Nghe-Ni)', '', 0),
(1196, 'Ting Anh c bn 2(c-Vit-Nghe-Ni)', '', 0),
(1197, 'Ting Anh c bn 3(c-Vit-Nghe-Ni)', '', 0),
(1198, 'c k 1', '', 0),
(1199, 'c k 2', '', 0),
(1200, 'c k 3', '', 0),
(1201, 'c k 4', '', 0),
(1202, 'c k 5', '', 0),
(1203, 'c k 6', '', 0),
(1204, 'Vit k 1', '', 0),
(1205, 'Vit k 2', '', 0),
(1206, 'Vit k 3', '', 0),
(1207, 'Vit k 4', '', 0),
(1208, 'Vit k 5', '', 0),
(1209, 'Vit k 6', '', 0),
(1210, 'Nghe k 1', '', 0),
(1211, 'Nghe k 2', '', 0),
(1212, 'Nghe k 3', '', 0),
(1213, 'Nghe k 4', '', 0),
(1214, 'Nghe k 5', '', 0),
(1215, 'Nghe k 6', '', 0),
(1216, 'Nghe k 7', '', 0),
(1217, 'Dch i cng', '', 0),
(1218, 'Dch nng cao 1', '', 0),
(1219, 'Dch nng cao 2', '', 0),
(1220, 'Dch nng cao 3', '', 0),
(1221, 'C s Vn ha VN', '', 0),
(1222, 'Dn lun ngn ng hc', '', 0),
(1223, 't nc hc', '', 0),
(1224, 'ng li CMCSVN', '', 0),
(1225, 'Gio hc php i cng', '', 0),
(1226, 'K nng dy TA', '', 0),
(1227, 'Lch s pht trin Ting Anh', '', 0),
(1228, 'Logic', '', 0),
(1229, 'Logic hc i cng', '', 0),
(1230, 'L thuyt dch', '', 0),
(1231, 'L thuyt tng hp', '', 0),
(1232, 'L thuyt tng hp 8', '', 0),
(1233, 'Nguyn l CN Mac-Lenin', '', 0),
(1234, 'Ngoi ng 2 - 4 ( Php )', '', 0),
(1235, 'Ngoi ng 2 - 6', '', 0),
(1236, 'Ngoi ng 2 ting Trung', '', 0),
(1237, 'Ngoi ng 2 - ting Php', '', 0),
(1238, 'Ng m 1', '', 0),
(1239, 'Ng m 2', '', 0),
(1240, 'Ng dng hc', '', 0),
(1241, 'Ng php 1 ', '', 0),
(1242, 'Ng php 2', '', 0),
(1243, 'Ng ngha hc', '', 0),
(1244, 'Php lut i cng', '', 0),
(1245, 'Phn tch ngn bn', '', 0),
(1246, 'Phng php ging dy Ting Anh', '', 0),
(1247, 'Qun l Nh nc v gio dc', '', 0),
(1248, 'Tm l hc i cng', '', 0),
(1249, 'Tm l hc t php', '', 0),
(1250, 'Tin hc ', '', 0),
(1251, 'Ting Anh thng mi', '', 0),
(1252, 'Ting Trung', '', 0),
(1253, 'Ting Php k 3', '', 0),
(1254, 'Ting Php k 4', '', 0),
(1255, 'Ting Php k 5', '', 0),
(1256, 'Ting Php k 6', '', 0),
(1257, 'Ting Vit thc hnh', '', 0),
(1258, 'T tng H Ch Minh', '', 0),
(1259, 'Thc hnh ting tng hp', '', 0),
(1260, 'Thc hnh ting tng hp 8', '', 0),
(1261, 'Vn hc Anh- M', '', 0),
(1262, 'Dn lun ngn ng', '', 0),
(1263, 't nc hc', '', 0),
(1264, 'Dch A-V1', '', 0),
(1265, 'Dch A-V2', '', 0),
(1266, 'Dch A-V3', '', 0),
(1267, 'Dch V-A1', '', 0),
(1268, 'Dch V-A2', '', 0),
(1269, 'Dch V-A3', '', 0),
(1270, 'c 1', '', 0),
(1271, 'c 2', '', 0),
(1272, 'c 3', '', 0),
(1273, 'c 3.1', '', 0),
(1274, 'c 4', '', 0),
(1275, 'Ni 1', '', 0),
(1276, 'Ni 3.1', '', 0),
(1277, 'Vit 1', '', 0),
(1278, 'Vit 2', '', 0),
(1279, 'Vit 3/ Vit 3.2', '', 0),
(1280, 'Vit 4', '', 0),
(1281, 'Nghe 1', '', 0),
(1282, 'Nghe 2', '', 0),
(1283, 'Nghe 2', '', 0),
(1284, 'Nghe 3', '', 0),
(1285, 'Nghe 3', '', 0),
(1286, 'Nghe 4', '', 0),
(1287, 'Ng m 1 - vn p', '', 0),
(1288, 'Ng m 2', '', 0),
(1289, 'Ng php 1 ', '', 0),
(1290, 'Ng php 2 ', '', 0),
(1291, 'T tng H Ch Minh', '', 0),
(1292, 'Ting Php 1', '', 0),
(1293, 'Ting Anh thng mi', '', 0),
(1294, 'Ting Vit thc hnh', '', 0),
(1295, 'T vng ', '', 0),
(1296, 'Vn hc Anh - M', '', 0),
(1297, 'i s ', '', 0),
(1298, 'nh gi Ti sn', '', 0),
(1299, 'Gii tch', '', 0),
(1300, 'K ton Cng ty', '', 0),
(1301, 'K ton HCSN', '', 0),
(1302, 'K ton HCSN-   EHOU', 'AC04', 0),
(1303, 'K ton Doanh nghip va v nh', '', 0),
(1304, 'K ton Qun tr', '', 0),
(1305, 'K ton TC 1', '', 0),
(1306, 'K ton TC 2', '', 0),
(1307, 'K ton TC 3', '', 0),
(1308, 'K ton thu', 'EG26', 0),
(1309, 'Kim ton cn bn', '', 0),
(1310, 'Kinh t bo him', '', 0),
(1311, 'Kinh t u t', '', 0),
(1312, 'Kinh t lng', '', 0),
(1313, 'Kinh t mi trng', '', 0),
(1314, 'Kinh t mi trng', '', 0),
(1315, 'Kinh t pht trin', '', 0),
(1316, 'Kinh t Quc t', '', 0),
(1317, 'Kinh t VN 1', '', 0),
(1318, 'L thuyt ti chnh tin t', '', 0),
(1319, 'L thuyt xc sut & TK ton', '', 0),
(1320, 'Lut kinh doanh', '', 0),
(1321, 'Marketing cn bn ', '', 0),
(1322, 'Nguyn l k ton/ K ton C', '', 0),
(1323, 'Nguyn l thng k KT', '', 0),
(1324, 'Phn tch BCTC', '', 0),
(1325, 'Phn tch HKD', '', 0),
(1326, 'Phn tch ti chnh DN', '', 0),
(1327, 'Phn tch ti chnh d n', '', 0),
(1328, 'Qun l nh nc v kinh t', '', 0),
(1329, 'Qun tr cng ngh', '', 0),
(1330, 'Qun tr chin lc kinh doanh', '', 0),
(1331, 'Qun tr cht lng sn phm', '', 0),
(1332, 'Qun tr chin lc', '', 0),
(1333, 'Qun tr chin lc - Trc nghim', 'BA08', 0),
(1334, 'Qun tr d n', '', 0),
(1335, 'Qun tr hc', '', 0),
(1336, 'Qun tr nhn lc  ( trc nghim )', 'BA09', 0),
(1337, 'Qun tr nhn lc', '', 0),
(1338, 'Qun tr ri ro', '', 0),
(1339, 'Qun tr sn xut', '', 0),
(1340, 'Qun tr ti chnh/ TC Doanh nghip', '', 0),
(1341, 'Ti chnh ngn hng', '', 0),
(1342, 'Ti chnh Quc t', '', 0),
(1343, 'Tm l kinh doanh', '', 0),
(1344, 'Tin hc ng dng- Qun tr', '', 0),
(1345, 'Tin hc ng dng- K ton', '', 0),
(1346, 'Tn dng & TT QT', '', 0),
(1347, 'Tn dng & TT QT( trc nghim )', 'EG30', 0),
(1348, 'T chc CTKT ', '', 0),
(1349, 'Ton gii tch', '', 0),
(1350, 'Th trng chng khon', '', 0),
(1351, 'Th trng chng khon ( trc nghim)', '', 0),
(1352, 'Thng k doanh nghip', '', 0),
(1353, 'Lch s hc thuyt KT', '', 0),
(1354, 'Ngn hng thng mi', '', 0),
(1355, 'Anh Vn 1 ', '', 3),
(1356, 'Anh Vn 2', '', 3),
(1357, 'Anh Vn 3', '', 3),
(1358, 'Anh Vn 4', '', 0),
(1359, 'Anh Vn 5', '', 0),
(1360, 'Anh Vn 6', '', 0),
(1361, 'Anh vn c bn 1', '', 0),
(1362, 'Anh vn chuyn ngnh ', '', 0),
(1363, 'Anh vn chuyn ngnh 1- 3 tn ch', '', 0),
(1364, 'Anh vn CN 2- 3TC mn mi', '', 0),
(1365, 'Ting Anh chuyn ngnh (10vht)/ Anh vn 4 chuyn ngnh(3TC)', '', 0),
(1366, 'Ting Anh c bn - Lut', '', 0),
(1367, 'Ting Anh c bn (10vht )', '', 0),
(1368, 'Ting Anh c bn 2(10vht )', '', 0),
(1369, 'Ting Anh chuyn ngnh', '', 0),
(1370, 'Ting Anh 2 - 5 vht', '', 0),
(1371, 'Ting Anh 3 - 5 vht', '', 0),
(1372, 'Ting Anh 4 - 5 vht', '', 0),
(1373, 'Ting Anh 5 - 5 vht', '', 0),
(1374, 'Ting Anh 6- 5 vht', '', 0),
(1375, 'ng li CMCSVN', '', 0),
(1376, 'Kinh t vi m', '', 0),
(1377, 'Kinh t v m', '', 0),
(1378, 'Lch s vn minh th gii', '', 0),
(1379, 'Nguyn l C bn Mac-Lenin P1', '', 0),
(1380, 'Nguyn l C bn Mac-Lenin P2', '', 0),
(1381, 'Php lut i cng', '', 0),
(1382, 'Qun tr kinh doanh', '', 0),
(1383, 'Son tho vn bn', '', 0),
(1384, 'Tin hc i cng', '', 0),
(1385, 'T tng H Ch Minh', '', 0),
(1386, 'Thng mi in t', '', 0),
(1387, 'Cng php Quc t', '', 0),
(1388, 'Ch ngha x hi khoa hc', '', 0);
INSERT INTO `tbl_mon` (`PK_iMaMon`, `sTenMon`, `sTenKhac`, `sSotinchi`) VALUES
(1389, 'i cng vn ha', '', 0),
(1390, 'Kinh t chnh tr Mac-Lenin', '', 0),
(1391, 'Kinh t chnh tr Mac-Lenin- P1', '', 0),
(1392, 'Kinh t chnh tr Mac-Lenin- P2', '', 0),
(1393, 'Lch s ng CSVN', '', 0),
(1394, 'Lch s Nh nc & PL Vit Nam', '', 0),
(1395, 'Lch s Nh nc Php lut Th gii', '', 0),
(1396, 'Logic hc', '', 0),
(1397, 'Lut chng khon & TTCK', '', 0),
(1398, 'Lut dn s Vit Nam', '', 0),
(1399, 'Lut dn s Vit Nam1', '', 0),
(1400, 'Lut dn s Vit Nam2', '', 0),
(1401, 'Lut t ai Vit Nam ( trc nghim )', 'EL22', 0),
(1402, 'Lut t ai', '', 0),
(1403, 'Lut u t', '', 0),
(1404, 'Lut Hnh chnh Vit Nam', '', 0),
(1405, 'Lut hin php Vit Nam', '', 0),
(1406, 'Lut hnh s Vit Nam', '', 0),
(1407, 'Lut hn nhn & Gia nh', '', 0),
(1408, 'Lut kinh t chuyn ngnh', '', 0),
(1409, 'Lut kinh t Vit Nam 1', '', 0),
(1410, 'Lut kinh t Vit Nam 2', '', 0),
(1411, 'Lut lao ng VN ( t lun )', '', 0),
(1412, 'Lut lao ng VN ( Trc nghim )', 'EL21', 0),
(1413, 'Lut mi trng ( Trc nghim )', 'EL27', 0),
(1414, 'Lut mi trng', '', 0),
(1415, 'Lut ngn hng', '', 0),
(1416, 'Lut so snh', '', 0),
(1417, 'Lut s hu tr tu', '', 0),
(1418, 'Lut ti chnh', '', 0),
(1419, 'Lut ti chnh - Ngn hng', '', 0),
(1420, 'Lut t tng dn s VN', '', 0),
(1421, 'Lut t tng hnh chnh', '', 0),
(1422, 'Lut t tng hnh s VN', '', 0),
(1423, 'Lut Thng mi Quc t', '', 0),
(1424, 'Lut Thng mi Quc t - Trc nghim', 'EL26', 0),
(1425, 'L lun chung Nh nc & PL', '', 0),
(1426, 'Php lut v SH CN trong H TM', '', 0),
(1427, 'Phng php NC KH Lut', '', 0),
(1428, 'Tm l hc i cng', '', 0),
(1429, 'Tm l hc t php', '', 0),
(1430, 'T php Quc t', '', 0),
(1431, 'Trit hc Mac-Lenin', '', 0),
(1432, 'X hi hc i cng', '', 0),
(1433, 'Xy dng vn bn php lut(STVB)', '', 0),
(1434, 'Con ngi v mi trng', '', 0),
(1435, 'C s vn ha Vit Nam', '', 0),
(1436, 'Dn lun ngn ng hc', '', 0),
(1437, 'Dch i cng', '', 0),
(1438, 'Dch nng cao', '', 0),
(1439, 'Dch nng cao 1', '', 0),
(1440, 'Dch nng cao 2', '', 0),
(1441, 'Dch nng cao 3', '', 0),
(1442, 'Dch 1', '', 0),
(1443, 'Dch 2', '', 0),
(1444, 'Dch 3', '', 0),
(1445, 'Dch A-V/ Dch V-A1', '', 0),
(1446, 'Dch A-V/ Dch V-A1-2', '', 0),
(1447, 'Dch A-V/ Dch V-A2', '', 0),
(1448, 'Dch A-V/ Dch V-A3', '', 0),
(1449, 'c 1', '', 0),
(1450, 'c 2', '', 0),
(1451, 'c 2.1', '', 0),
(1452, 'c 2.2', '', 0),
(1453, 'c 3.1', '', 0),
(1454, 'c 3.2', '', 0),
(1455, 'c 3', '', 0),
(1456, 'c 4', '', 0),
(1457, 'c 5', '', 0),
(1458, 'c 6', '', 0),
(1459, 'Ni 1', '', 0),
(1460, 'Ni 1.1', '', 0),
(1461, 'Ni 1.2', '', 0),
(1462, 'Ni 1.2', '', 0),
(1463, 'Ni 2', '', 0),
(1464, 'Ni 2.1', '', 0),
(1465, 'Ni 2.2', '', 0),
(1466, 'Ni 3', '', 0),
(1467, 'Ni 3.1', '', 0),
(1468, 'Ni 4', '', 0),
(1469, 'Ni 5', '', 0),
(1470, 'Ni 6', '', 0),
(1471, 'Vit 1', '', 0),
(1472, 'Vit 1.2', '', 0),
(1473, 'Vit 2', '', 0),
(1474, 'Vit 2.1', '', 0),
(1475, 'Vit 2.2', '', 0),
(1476, 'Vit 3', '', 0),
(1477, 'Vit 3.1', '', 0),
(1478, 'Vit 4', '', 0),
(1479, 'Vit 5', '', 0),
(1480, 'Vit 6', '', 0),
(1481, 'Nghe 1', '', 0),
(1482, 'Nghe 1.1', '', 0),
(1483, 'Nghe 1.2', '', 0),
(1484, 'Nghe 2', '', 0),
(1485, 'Nghe 2.1', '', 0),
(1486, 'Nghe 2.2', '', 0),
(1487, 'Nghe 3', '', 0),
(1488, 'Nghe 3.2', '', 0),
(1489, 'Nghe 4', '', 0),
(1490, 'Nghe 5', '', 0),
(1491, 'Nghe 6', '', 0),
(1492, 'Phng php NC KH ', '', 0),
(1493, 't nc hc', '', 0),
(1494, 'Giao thoa vn ha', '', 0),
(1495, 'Lch s pht trin TA', '', 0),
(1496, 'Lch s trit hc Phng ng & VN', '', 0),
(1497, 'L thuyt dch', '', 0),
(1498, 'Ngoi ng II (1)', '', 0),
(1499, 'Ngoi ng II (2)', '', 0),
(1500, 'Ngn ng hc i cng', '', 0),
(1501, 'Ngn ng hc i chiu', '', 0),
(1502, 'Ngn ng & Vn ha', '', 0),
(1503, 'Ng m 1', '', 0),
(1504, 'Ng m 2', '', 0),
(1505, 'Ng m l thuyt', '', 0),
(1506, 'Ng m thc hnh', '', 0),
(1507, 'Ng dng hc', '', 0),
(1508, 'Ng ngha hc', '', 0),
(1509, 'Ng php 1', '', 0),
(1510, 'Ng php 2', '', 0),
(1511, 'Ng php l thuyt', '', 0),
(1512, 'Ng php thc hnh', '', 0),
(1513, 'Phn tch din ngn', '', 0),
(1514, 'Phn tch vn bn', '', 0),
(1515, 'Ting Anh 1 ( +V+Ngh+N)', '', 0),
(1516, 'Ting Anh 2 ( +V+Ngh+N)', '', 0),
(1517, 'Ting Anh 2 ( +V+Ngh+N)', '', 0),
(1518, 'Ting Anh 3 ( +V+Ngh+N)', '', 0),
(1519, 'Ting Anh 3', '', 0),
(1520, 'Ting Anh chuyn ngnh', '', 0),
(1521, 'Ting Anh Thng mi', '', 0),
(1522, 'Ting Php hc -P1', '', 0),
(1523, 'Ting Php hc -P2', '', 0),
(1524, 'Ting Php hc -P3', '', 0),
(1525, 'Ting Php hc -P4', '', 0),
(1526, 'Ting Anh Thng mi', '', 0),
(1527, 'Ting vit Thc hnh', '', 0),
(1528, 'Tin hc c s', '', 0),
(1529, 'T vng ng ngha hc', '', 0),
(1530, 'Thc hnh ting 2.1', '', 0),
(1531, 'Thc hnh ting HP1.1', '', 0),
(1532, 'Thc hnh ting HP1.2', '', 0),
(1533, 'Thc hnh ting HP2.2', '', 0),
(1534, 'Thc hnh ting HP3.1', '', 0),
(1535, 'Thc hnh ting HP3.2', '', 0),
(1536, 'Vn ha A-M v C Anh ng', '', 0),
(1537, 'Vn hc Anh', '', 0),
(1538, 'Vn hc Anh', '', 0),
(1539, 'Vn hc Anh M', '', 0),
(1540, 'An ninh & Bo mt DL', 'TH301/ IT201', 0),
(1541, 'Anh c bn1', 'EG10', 0),
(1542, 'An ninh & Bo mt d liu', 'IT19', 0),
(1543, 'Anh Vn 1( T lun)	', 'EG09.1', 0),
(1544, 'Anh vn 2	', 'EG09.2', 0),
(1545, 'Anh vn 3 ', 'EG09.3', 0),
(1546, 'Anh vn 4 ', 'EL01', 0),
(1547, 'Cu trc d liu & Gii thut	', 'IT05', 0),
(1548, 'Cng php Quc t	', 'EL17', 0),
(1549, 'C s d liu	', 'IT06', 0),
(1550, 'C s lp trnh	', 'IT01', 0),
(1551, 'Dch i cng	', 'EN42', 0),
(1552, 'i cng vn ha Vit Nam	', 'EL04', 0),
(1553, 'i s & HGT/Ton cao cp - T lun	', 'EG10.3', 0),
(1554, 'i s tuyn tnh	', 'EG10.3', 0),
(1555, 't nc hc	', 'EN17', 0),
(1556, 'nh gi ti sn 	', 'EG34', 0),
(1557, 'ng li CM ca CS	', 'EG02', 0),
(1558, 'Ton GT 	', 'EG10.1', 0),
(1559, 'Gii tch 1	', 'EG10.1', 0),
(1560, 'Giao thoa vn ha	', 'EN14', 0),
(1561, 'H qun tr c s d liu	', 'IT10', 0),
(1562, 'Hot ng ca h thng ti chnh VN	', 'BF15', 0),
(1563, 'K ton cng ty	', 'EG27', 0),
(1564, 'K ton doanh nghip	', 'BF18/EG27', 0),
(1565, 'K ton hnh chnh s nghip	', 'AC04', 0),
(1566, 'K ton ngn hng thng mi	', 'AC16', 0),
(1567, 'K ton qun tr 	', 'QT314', 0),
(1568, 'K ton qun tr 	', 'EG33', 0),
(1569, 'K ton ti chnh 1	', 'AC01', 0),
(1570, 'K ton ti chnh 2	', 'AC02', 0),
(1571, 'K ton ti chnh 3	', 'AC03', 0),
(1572, 'K ton thu	', 'AC07', 0),
(1573, 'Kim ton/ Kim ton cn bn	', 'EG26', 0),
(1574, 'Kin trc my tnh	', 'IT02', 0),
(1575, 'Kinh t lng	', 'EG19', 0),
(1576, 'Kinh t mi trng	', 'BA03', 0),
(1577, 'Kinh t pht trin	', 'EG15', 0),
(1578, 'Kinh t Quc t	', 'BA05', 0),
(1579, 'Kinh t vi m	', 'EG13', 0),
(1580, 'Kinh t v m	', 'EG14', 0),
(1581, 'K thut in t s	', 'IT01.2', 0),
(1582, 'K thut lp trnh  ha	', 'IT23', 0),
(1583, 'K thut lp trnh hng i tng	', 'IT07', 0),
(1584, 'Lp trnh cho thit b di ng', 'IT18', 0),
(1585, 'Lp trnh h thng	', 'IT17', 0),
(1586, 'Lp trnh hng s kin	', 'IT09', 0),
(1587, 'L thuyt XS & TK ton( XS&TK ton)', 'EG015', 0),
(1588, 'Lp trnh web	', 'IT15', 0),
(1589, 'Lch s cc hc thuyt kinh t	', 'EG05', 0),
(1590, 'L thuyt XS & TK ton( XS&TK ton)', 'STA201', 0),
(1591, 'Lch s NN & PL TG 	', 'EL31', 0),
(1592, 'M ngun m', 'SE401', 0),
(1593, 'Lch s Nh nc & PL VN	', 'EL30', 0),
(1594, 'Lch s pht trin Ting Anh	', 'EN15', 0),
(1595, 'M ngun m', 'TH302', 0),
(1596, 'Lut Dn s Vit Nam 	', 'EL12', 0),
(1597, 'Lut Dn s Vit Nam 2 ', 'EL13', 0),
(1598, 'Mng v truyn thng', 'TH202', 0),
(1599, 'Marketing cn bn ', 'QT203', 0),
(1600, 'Marketing cn bn', 'KT203', 0),
(1601, 'Marketing cn bn', 'MAR201', 0),
(1602, 'Marketing ngn hng', 'TC317', 0),
(1603, 'Marketing ngn hng', ' FIN304', 0),
(1604, 'Ngn ng TK Web', 'TH205', 0),
(1605, 'Ngn ng truy vn d liu ', 'TH108', 0),
(1606, 'Ngn hng thc hnh', 'FIN506', 0),
(1607, 'Ngn hng thng mi', 'TC306', 0),
(1608, 'Nghin cu th trng', 'QT409', 0),
(1609, 'Nghip v ngn hng thng mi', 'FIN504', 0),
(1610, 'Nghip v ngn hng T', 'FIN507', 0),
(1611, 'Nghip v kinh doanh ngoi hi', 'FIN501', 0),
(1612, 'Nguyn l h iu hnh /Nhp mn HH', 'TH103', 0),
(1613, 'Nguyn l k ton', 'ACC202', 0),
(1614, 'Nguyn l k ton', 'KT301', 0),
(1615, 'Nguyn l k ton ', 'QT202', 0),
(1616, 'Nguyn l k ton', 'TC201', 0),
(1617, 'Nguyn l thng k ', 'KT202', 0),
(1618, 'Nguyn l thng k ', 'TC203', 0),
(1619, 'Nguyn l thng k KT', 'QT205', 0),
(1620, 'Nguyn l thng k kinh t', 'STA302', 0),
(1621, 'Nhp mn h iu hnh', 'IT101', 0),
(1622, 'Nhp mn Internet & Elearning', 'EG017', 0),
(1623, 'Nhp mn Internet & Elearning', 'ICT101', 0),
(1624, 'Nhp mn k thut xy dng Web', 'SE201', 0),
(1625, 'Nhp mn lp trnh C', 'SE101', 0),
(1626, 'Nhng nguyn l CB CN Mc- Lnin 1', 'EG001', 0),
(1627, 'Lut t ai Vit Nam 	', 'EL22', 0),
(1628, 'Nhng nguyn l CB CN Mc- Lnin 1', 'PHM101', 0),
(1629, 'Lut u t ', 'EL28', 0),
(1630, 'Lut hnh chnh Vit Nam 	', 'EL09', 0),
(1631, 'Lut Hin Php Vit Nam	', 'EL08', 0),
(1632, 'Lut Hnh S Vit Nam	', 'EL10', 0),
(1633, 'Lut HN & G VN	', 'EL15', 0),
(1634, 'Lut Kinh doanh/Lut kinh t	', 'EG21', 0),
(1635, 'Lut kinh t chuyn ngnh	', 'EL35', 0),
(1636, 'Lut kinh t Vit Nam 	', 'EL19', 0),
(1637, 'Lut kinh t Vit Nam 2	', 'EL20', 0),
(1638, 'Lut Lao ng Vit Nam	', 'EL21', 0),
(1639, 'Nhng nguyn l CB CN Mc- Lnin 2', 'PHM102', 0),
(1640, 'Lut mi trng	', 'EL27', 0),
(1641, 'Lut ngn hng	', 'EL25', 0),
(1642, 'Php lut i cng', 'EG004', 0),
(1643, 'Lut s hu tr tu	', 'EL29', 0),
(1644, 'Lut ti chnh VN	', 'EL24', 0),
(1645, 'Lut t tng dn s Vit Nam	', 'EL14', 0),
(1646, 'Xy dng vn bn php lut', 'EL07', 0),
(1647, 'Xy dng vn bn php lut', 'EL07/EG08', 0),
(1648, 'X hi hc C', 'EL02', 0),
(1649, 'Tr chi kinh doanh', 'BA17', 0),
(1650, 'Thng mi in t', 'EG31/IT16', 0),
(1651, 'Thu', 'EG25', 0),
(1652, 'Thit k  ha', 'IT13', 0),
(1653, 'Lut t tng hnh chnh Vit Nam	', 'EL34', 0),
(1654, 'Th trng chng khon', 'EG28', 0),
(1655, 'Lut t tng HS VN	', 'EL11', 0),
(1656, 'Thanh ton v tn dng quc t', 'EG30', 0),
(1657, 'Lut thng mi quc t	', 'EL26', 0),
(1658, 'L lun Nh nc & PL	', 'EL06', 0),
(1659, 'Thanh ton quc t', 'EG30', 0),
(1660, 'L thuyt TC TT/TC tin t	', 'BF22', 0),
(1661, 'T tng HCM', 'EG03', 0),
(1662, 'L thuyt Ti chnh tin t	', 'EG16', 0),
(1663, 'T php quc t', 'EL18', 0),
(1664, 'L thuyt XS & TK ton	', 'EG11', 0),
(1665, 'M ngun m	', 'IT20', 0),
(1666, 'T chc cng tc k ton', 'AC05', 0),
(1667, 'Mng & Truyn thng	', 'IT11', 0),
(1668, 'Marketing cn bn	', 'EG18', 0),
(1669, 'Ngn hng thng mi	', 'BF21', 0),
(1670, 'Ngn hng thng mi	', 'EG29', 0),
(1671, 'Ngn hng thng mi	', 'EG29', 0),
(1672, 'Ton ri rc', 'IT04', 0),
(1673, 'Ngoi ng II.1', 'EN06.1', 0),
(1674, 'Ngn ng Thit k Web	', 'IT14', 0),
(1675, 'Ton cao cp 2/ . GT1', 'EG10.1', 0),
(1676, 'Ngn ng truy vn d liu	', 'IT08', 0),
(1677, 'Ton cao cp 1/STT/ S/ HGT', 'EG10.3', 0),
(1678, 'Ng m thc hnh	', 'EN09', 0),
(1679, 'Ng php thc hnh	', 'EN12', 0),
(1680, 'Tin hc ng dng trong qun tr ', 'BA15', 0),
(1681, 'Nguyn l h iu hnh	', 'IT03', 0),
(1682, 'Tin hc ng dng trong k ton', 'AC09', 0),
(1683, 'Nguyn l k ton	', 'EG17', 0),
(1684, 'Nguyn l thng k	', 'EG20', 0),
(1685, 'Nhp mn Internet & Elearning	', 'EG38', 0),
(1686, 'Nhng Nguyn l CB CNMLN	', 'EG01', 0),
(1687, 'Php lut i cng	', 'EG04', 0),
(1688, 'Tin hc ng dng', 'BF09', 0),
(1689, 'Tin hc i cng/ Tin hc CB', 'EG12', 0),
(1690, 'Tn dng v thanh ton quc t', 'EG30', 0),
(1691, 'Tn dng ngn hng', 'BF06', 0),
(1692, 'Ting Vit & STVB', 'EG08', 0),
(1693, 'Ting Anh CN TCNH', 'BF10', 0),
(1694, 'Ting Anh CN QTKD 2', 'BA19', 0),
(1695, 'Ting Anh CN QTKD1(T lun )', 'BA18', 0),
(1696, 'Ting Anh CN KT 2- T lun', 'AC11', 0),
(1697, 'Ting Anh CN KT 1', 'AC10', 0),
(1698, 'Ting Anh chuyn ngnh ', 'IT01.1', 0),
(1699, 'Ting Anh 3- Vit', 'EN29', 0),
(1700, 'Ting Anh 3- c', 'EN28', 0),
(1701, 'Ting Anh 2- Nghe', 'EN22', 0),
(1702, 'Ting Anh 2- Vit', 'EN25', 0),
(1703, 'Ting Anh 2- c', 'EN24', 0),
(1704, 'Ting Anh 1- Nghe', 'EN18', 0),
(1705, 'Ting Anh 1- Vit ', 'EN21', 0),
(1706, 'Ting Anh 1- c ', 'EN20', 0),
(1707, 'Tm l hc t php', 'EL16', 0),
(1708, 'Tm l hc i cng', 'EG07', 0),
(1709, 'Ti chnh Quc t', 'BF01', 0),
(1710, 'Ti chnh doanh nghip 2', 'BF07', 0),
(1711, 'Ti chnh doanh nghip 1', 'EG24', 0),
(1712, 'Qun tr ti chnh ', 'BA07', 0),
(1713, 'Qun tr sn xut', 'BA10', 0),
(1714, 'Qun tr ri ro', 'EG36', 0),
(1715, 'Qun tr nhn lc', 'BA09', 0),
(1716, 'Qun tr mng', 'IT21', 0),
(1717, 'Qun tr kinh doanh', 'BA23', 0),
(1718, 'Qun tr kinh doanh ', 'EG23', 0),
(1719, 'Qun tr hc', 'BA06', 0),
(1720, 'Qun tr d n u t', 'EG37', 0),
(1721, 'Qun tr d n CNTT', 'IT22', 0),
(1722, 'Qun tr chin lc', 'BA08', 0),
(1723, 'Qun tr cht lng', 'BA11', 0),
(1724, 'Qun l nh nc v kinh t', 'BA02', 0),
(1725, 'Qun l cht lng phn mm', 'SE301', 0),
(1726, 'Phn tch v thm nh d n u t', 'AC12', 0),
(1727, 'Phn tch TK h thng TT ( T lun)', 'IT12', 0),
(1728, 'Phn tch ti chnh d n', 'BF03', 0),
(1729, 'Phn tch ti chnh doanh nghip', 'BF08', 0),
(1730, 'Phn tch hot ng KD ( T lun)', 'EG22', 0),
(1731, 'Phn tch bo co ti chnh', 'EG32', 0),
(1732, 'Pht trin k nng c nhn', 'EG35', 0),
(1733, 'Php lut v SH Cng nghip trong HTM', 'EL36', 0),
(1734, 'Php lut ti chnh', 'BF13', 0);

-- --------------------------------------------------------

--
-- Table structure for table `tbl_monctdt`
--

CREATE TABLE IF NOT EXISTS `tbl_monctdt` (
  `PK_iMaMonCTDT` int(11) NOT NULL AUTO_INCREMENT,
  `FK_iMaCTDT` int(11) NOT NULL,
  `FK_iMaMon` int(11) NOT NULL,
  PRIMARY KEY (`PK_iMaMonCTDT`),
  KEY `FK_iMaCTDT` (`FK_iMaCTDT`),
  KEY `FK_iMaMon` (`FK_iMaMon`)
) ENGINE=InnoDB  DEFAULT CHARSET=utf8 COLLATE=utf8_unicode_ci AUTO_INCREMENT=7 ;

--
-- Dumping data for table `tbl_monctdt`
--

INSERT INTO `tbl_monctdt` (`PK_iMaMonCTDT`, `FK_iMaCTDT`, `FK_iMaMon`) VALUES
(1, 44, 1706),
(2, 44, 1705),
(3, 44, 1704),
(4, 44, 1703),
(5, 44, 1702),
(6, 44, 1701);

-- --------------------------------------------------------

--
-- Table structure for table `tbl_nganh`
--

CREATE TABLE IF NOT EXISTS `tbl_nganh` (
  `PK_iMaNganh` int(11) NOT NULL AUTO_INCREMENT,
  `sTenNganh` varchar(40) COLLATE utf8_unicode_ci NOT NULL,
  PRIMARY KEY (`PK_iMaNganh`)
) ENGINE=InnoDB  DEFAULT CHARSET=utf8 COLLATE=utf8_unicode_ci AUTO_INCREMENT=22 ;

--
-- Dumping data for table `tbl_nganh`
--

INSERT INTO `tbl_nganh` (`PK_iMaNganh`, `sTenNganh`) VALUES
(10, 'Cng ngh sinh hc thc phm'),
(11, 'Cng ngh sinh hc sinh y - dc'),
(12, 'Cng ngh sinh hc mi trng'),
(13, 'Cng ngh sinh hc nng nghip'),
(14, 'Kin trc'),
(15, 'Qun tr kinh doanh'),
(16, 'K ton'),
(17, 'Lut kinh t'),
(18, 'Lut quc t'),
(19, 'Cng ngh thng tin'),
(20, 'Ngn ng Anh'),
(21, 'Ti chnh ngn hng');

-- --------------------------------------------------------

--
-- Table structure for table `tbl_quyen`
--

CREATE TABLE IF NOT EXISTS `tbl_quyen` (
  `PK_iMaQuyen` int(11) NOT NULL AUTO_INCREMENT,
  `sTenQuyen` varchar(20) COLLATE utf8_unicode_ci NOT NULL,
  PRIMARY KEY (`PK_iMaQuyen`)
) ENGINE=InnoDB  DEFAULT CHARSET=utf8 COLLATE=utf8_unicode_ci AUTO_INCREMENT=3 ;

--
-- Dumping data for table `tbl_quyen`
--

INSERT INTO `tbl_quyen` (`PK_iMaQuyen`, `sTenQuyen`) VALUES
(1, 'Trng phng'),
(2, 'Nhn Vin');

-- --------------------------------------------------------

--
-- Table structure for table `tbl_tct_bienban`
--

CREATE TABLE IF NOT EXISTS `tbl_tct_bienban` (
  `PK_sMaToChucThi` varchar(200) COLLATE utf8_unicode_ci NOT NULL,
  `PK_iMaBienban` varchar(200) COLLATE utf8_unicode_ci NOT NULL,
  PRIMARY KEY (`PK_sMaToChucThi`,`PK_iMaBienban`)
) ENGINE=InnoDB DEFAULT CHARSET=utf8 COLLATE=utf8_unicode_ci;

-- --------------------------------------------------------

--
-- Table structure for table `tbl_tochucthi`
--

CREATE TABLE IF NOT EXISTS `tbl_tochucthi` (
  `PK_sMaToChucThi` varchar(40) COLLATE utf8_unicode_ci NOT NULL,
  `FK_iMaDV` int(11) NOT NULL,
  `FK_sMaDT` varchar(10) COLLATE utf8_unicode_ci NOT NULL,
  `FK_sMaCB` varchar(10) COLLATE utf8_unicode_ci NOT NULL,
  `sThoiGianThi` varchar(20) COLLATE utf8_unicode_ci NOT NULL,
  `sPhongThi` varchar(200) COLLATE utf8_unicode_ci DEFAULT NULL,
  `sSoLuong` int(11) NOT NULL,
  `FK_sNgayBoc` varchar(200) COLLATE utf8_unicode_ci NOT NULL,
  PRIMARY KEY (`PK_sMaToChucThi`),
  KEY `FK_sMaCB` (`FK_sMaCB`),
  KEY `FK_iMaDT` (`FK_sMaDT`),
  KEY `FK_iMaDV` (`FK_iMaDV`)
) ENGINE=InnoDB DEFAULT CHARSET=utf8 COLLATE=utf8_unicode_ci;

-- --------------------------------------------------------

--
-- Table structure for table `tbl_trangthai`
--

CREATE TABLE IF NOT EXISTS `tbl_trangthai` (
  `PK_iMaTT` int(20) NOT NULL,
  `sTenTT` varchar(200) COLLATE utf8_unicode_ci NOT NULL,
  PRIMARY KEY (`PK_iMaTT`)
) ENGINE=InnoDB DEFAULT CHARSET=utf8 COLLATE=utf8_unicode_ci;

--
-- Dumping data for table `tbl_trangthai`
--

INSERT INTO `tbl_trangthai` (`PK_iMaTT`, `sTenTT`) VALUES
(1, 'Cha s dng'),
(2, ' s dng'),
(3, ' hy: cha s dng'),
(4, ' hy:  s dng');

-- --------------------------------------------------------

--
-- Table structure for table `tbl_trinhdo`
--

CREATE TABLE IF NOT EXISTS `tbl_trinhdo` (
  `PK_iMaTrinhdo` int(11) NOT NULL AUTO_INCREMENT,
  `sTentrinhdo` varchar(400) DEFAULT NULL,
  PRIMARY KEY (`PK_iMaTrinhdo`)
) ENGINE=InnoDB  DEFAULT CHARSET=utf8 AUTO_INCREMENT=4 ;

--
-- Dumping data for table `tbl_trinhdo`
--

INSERT INTO `tbl_trinhdo` (`PK_iMaTrinhdo`, `sTentrinhdo`) VALUES
(1, 'Tin s'),
(2, 'Thc s'),
(3, 'C nhn');

--
-- Constraints for dumped tables
--

--
-- Constraints for table `tbl_canbo`
--
ALTER TABLE `tbl_canbo`
  ADD CONSTRAINT `tbl_canbo_ibfk_1` FOREIGN KEY (`FK_iMaQuyen`) REFERENCES `tbl_quyen` (`PK_iMaQuyen`) ON UPDATE CASCADE;

--
-- Constraints for table `tbl_ctdt`
--
ALTER TABLE `tbl_ctdt`
  ADD CONSTRAINT `fk_trinhdo_1` FOREIGN KEY (`FK_iMaTrinhdo`) REFERENCES `tbl_trinhdo` (`PK_iMaTrinhdo`),
  ADD CONSTRAINT `tbl_ctdt_ibfk_1` FOREIGN KEY (`FK_iMaNganh`) REFERENCES `tbl_nganh` (`PK_iMaNganh`) ON DELETE CASCADE,
  ADD CONSTRAINT `tbl_ctdt_ibfk_4` FOREIGN KEY (`FK_iMaHe`) REFERENCES `tbl_he` (`PK_iMaHe`);

--
-- Constraints for table `tbl_dethi`
--
ALTER TABLE `tbl_dethi`
  ADD CONSTRAINT `tbl_dethi_ibfk_1` FOREIGN KEY (`FK_iMaMonCTDT`) REFERENCES `tbl_monctdt` (`PK_iMaMonCTDT`) ON UPDATE CASCADE,
  ADD CONSTRAINT `tbl_dethi_ibfk_3` FOREIGN KEY (`FK_sMaCB`) REFERENCES `tbl_canbo` (`PK_sMaCB`) ON UPDATE CASCADE;

--
-- Constraints for table `tbl_monctdt`
--
ALTER TABLE `tbl_monctdt`
  ADD CONSTRAINT `tbl_monctdt_ibfk_1` FOREIGN KEY (`FK_iMaCTDT`) REFERENCES `tbl_ctdt` (`PK_iMaCTDT`) ON UPDATE CASCADE,
  ADD CONSTRAINT `tbl_monctdt_ibfk_2` FOREIGN KEY (`FK_iMaMon`) REFERENCES `tbl_mon` (`PK_iMaMon`) ON UPDATE CASCADE;

--
-- Constraints for table `tbl_tochucthi`
--
ALTER TABLE `tbl_tochucthi`
  ADD CONSTRAINT `tbl_tochucthi_ibfk_2` FOREIGN KEY (`FK_sMaCB`) REFERENCES `tbl_canbo` (`PK_sMaCB`) ON UPDATE CASCADE,
  ADD CONSTRAINT `tbl_tochucthi_ibfk_3` FOREIGN KEY (`FK_sMaDT`) REFERENCES `tbl_dethi` (`PK_sMaDT`);

/*!40101 SET CHARACTER_SET_CLIENT=@OLD_CHARACTER_SET_CLIENT */;
/*!40101 SET CHARACTER_SET_RESULTS=@OLD_CHARACTER_SET_RESULTS */;
/*!40101 SET COLLATION_CONNECTION=@OLD_COLLATION_CONNECTION */;
